,index,img_id_A,img_id_B,target,0,1,1,1,2,3,1,2,1,3,0,2,1,2,3,0,2,2
0,0,0359a,0359b,1,2,1,1,0,2,2,0,2,2,3,2,1,0,2,2,3,0,2
1,1,0577a,0577b,1,2,1,1,0,2,2,0,1,2,2,1,0,3,2,2,1,2,2
2,2,0577a,0577c,1,2,1,1,0,2,2,0,1,2,1,1,1,1,2,3,0,0,2
3,3,1120a,1120b,1,2,1,1,3,2,2,0,2,2,1,1,1,0,2,2,0,2,2
4,4,1120a,1120c,1,2,1,1,3,2,2,0,2,2,2,1,1,0,2,2,0,0,2
5,5,1120b,1120c,1,1,1,1,0,2,2,0,2,2,2,1,1,0,2,2,0,0,2
6,6,1121a,1121b,1,2,1,1,3,2,2,0,1,2,2,1,1,0,2,2,0,3,2
7,7,1121a,1121c,1,2,1,1,3,2,2,0,1,2,1,1,1,0,2,2,0,1,2
8,8,1121b,1121c,1,2,1,1,0,2,2,0,3,2,1,1,1,0,2,2,0,1,2
9,9,1229b,1229c,1,1,1,1,3,2,2,0,2,2,2,1,0,0,2,2,1,2,2
10,10,1302a,1302b,1,2,1,1,3,2,2,0,0,2,3,1,1,0,2,2,0,2,2
11,11,1302a,1302c,1,2,1,1,3,2,2,0,0,2,2,1,1,3,2,2,0,3,2
12,12,1302b,1302c,1,3,1,1,0,2,2,0,2,2,2,1,1,3,2,2,0,3,2
13,13,1305a,1305b,1,1,1,1,0,2,2,0,0,2,2,1,1,0,2,2,1,2,2
14,14,1305a,1305c,1,1,1,1,0,2,2,0,0,2,1,1,1,3,2,2,0,1,2
15,15,1305b,1305c,1,2,1,1,0,2,2,1,2,2,1,1,1,3,2,2,0,1,2
16,16,1386a,1386b,1,1,1,1,0,2,2,0,3,2,3,1,1,0,2,2,0,1,2
17,17,1386a,1386c,1,1,1,1,0,2,2,0,3,2,3,1,1,3,2,2,0,2,2
18,18,1386b,1386c,1,3,1,1,0,2,2,0,1,2,3,1,1,3,2,2,0,2,2
19,19,1391c,1391b,1,2,1,1,0,2,2,1,1,2,3,4,1,0,2,2,1,4,2
20,20,1391c,1391a,1,2,1,1,0,2,2,1,1,2,3,4,1,3,2,3,0,3,2
21,21,1489a,1489b,1,1,1,1,3,2,2,0,0,2,2,1,1,3,2,2,1,2,2
22,22,1489a,1489c,1,1,1,1,3,2,2,0,0,2,2,4,1,0,2,2,1,1,2
23,23,1489b,1489c,1,2,1,1,3,2,2,1,2,2,2,4,1,0,2,2,1,1,2
24,24,1517a,1517b,1,2,1,1,1,2,2,0,2,2,1,1,1,3,2,2,0,3,2
25,25,1517a,1517c,1,2,1,1,1,2,2,0,2,2,3,0,1,0,2,2,1,4,2
26,26,1517b,1517c,1,1,1,1,3,2,2,0,3,2,3,0,1,0,2,2,1,4,2
27,27,0331b,0331a,1,3,1,1,0,2,2,0,0,2,3,1,0,0,2,2,3,2,2
28,28,0367a,0367b,1,2,1,1,0,2,2,0,4,2,1,1,1,0,2,2,1,2,2
29,29,0367a,0367c,1,2,1,1,0,2,2,0,4,2,3,1,1,3,2,2,0,1,2
30,30,0367b,0367c,1,1,1,1,0,2,2,1,2,2,3,1,1,3,2,2,0,1,2
31,31,0379b,0379c,1,3,1,1,0,2,2,0,3,2,2,1,1,2,2,2,0,3,2
32,32,0458a,0458c,1,2,1,1,0,2,2,1,0,2,3,0,1,0,2,2,0,3,2
33,33,0458a,0458b,1,2,1,1,0,2,2,1,0,2,3,2,1,3,2,2,1,3,2
34,34,0565a,0565b,1,2,1,1,3,2,2,1,1,2,2,1,1,0,2,2,1,3,2
35,35,0565a,0565c,1,2,1,1,3,2,2,1,1,2,2,1,1,1,2,2,0,1,2
36,36,0565b,0565c,1,2,1,1,0,2,2,1,3,2,2,1,1,1,2,2,0,1,2
37,37,1254c,1254a,1,1,1,1,0,2,2,1,1,2,1,1,1,1,2,1,3,3,2
38,38,1254c,1254b,1,1,1,1,0,2,2,1,1,2,2,1,0,2,2,2,1,3,2
39,39,1362a,1362b,1,3,1,1,3,2,2,0,0,2,2,1,1,3,2,2,0,4,2
40,40,1362a,1362c,1,3,1,1,3,2,2,0,0,2,3,0,1,0,2,2,0,2,2
41,41,1362b,1362c,1,2,1,1,3,2,2,0,4,2,3,0,1,0,2,2,0,2,2
42,42,1446a,1446b,1,1,1,1,3,2,2,1,2,2,1,1,1,1,2,2,0,2,2
43,43,1446a,1446c,1,1,1,1,3,2,2,1,2,2,3,1,1,3,2,2,0,3,2
44,44,1446b,1446c,1,1,1,1,1,2,2,0,2,2,3,1,1,3,2,2,0,3,2
45,45,1454b,1454c,1,2,1,1,3,2,2,1,0,2,1,1,1,0,2,2,0,4,2
46,46,1454b,1454a,1,2,1,1,3,2,2,1,0,2,2,4,1,3,2,2,1,1,2
47,47,1454c,1454a,1,1,1,1,0,2,2,0,4,2,2,4,1,3,2,2,1,1,2
48,48,1455a,1455b,1,3,1,1,0,2,2,1,2,2,2,1,1,1,2,2,0,0,2
49,49,1455a,1455c,1,3,1,1,0,2,2,1,2,2,2,1,1,3,2,2,1,3,2
50,50,1455b,1455c,1,2,1,1,1,2,2,0,0,2,2,1,1,3,2,2,1,3,2
51,51,1510b,1510c,1,1,1,1,0,2,2,1,0,2,2,1,1,1,2,2,0,3,2
52,52,1510b,1510a,1,1,1,1,0,2,2,1,0,2,1,1,1,0,2,1,0,3,2
53,53,1510c,1510a,1,2,1,1,1,2,2,0,3,2,1,1,1,0,2,1,0,3,2
54,54,1534b,1534c,1,1,1,1,3,2,2,1,1,2,3,1,1,0,2,1,0,3,2
55,55,1534b,1534a,1,1,1,1,3,2,2,1,1,2,2,1,1,1,2,3,1,3,2
56,56,1540b,1540c,1,1,1,1,0,2,2,1,3,2,1,2,1,0,2,2,1,0,1
57,57,1300a,1300b,1,1,1,1,1,2,2,0,1,2,2,1,1,0,2,1,0,2,2
58,58,1300a,1300c,1,1,1,1,1,2,2,0,1,2,3,1,1,0,2,2,1,1,2
59,59,1300b,1300c,1,2,1,1,0,2,1,0,2,2,3,1,1,0,2,2,1,1,2
60,60,1309a,1309b,1,0,1,1,0,2,2,0,2,2,2,2,1,3,2,2,0,0,2
61,61,1309a,1309c,1,0,1,1,0,2,2,0,2,2,1,1,0,1,0,1,0,2,1
62,62,1453a,1453b,1,1,1,1,3,2,2,0,4,2,3,1,1,3,2,2,1,2,2
63,63,1453a,1453c,1,1,1,1,3,2,2,0,4,2,2,1,1,0,2,2,0,2,1
64,64,1453b,1453c,1,3,1,1,3,2,2,1,2,2,2,1,1,0,2,2,0,2,1
65,65,1482b,1482a,1,1,1,1,3,2,2,1,0,2,2,4,1,3,2,2,3,1,2
66,66,1518c,1518a,1,2,1,1,0,2,1,0,1,2,2,2,1,3,2,2,0,1,2
67,67,1543a,1543b,1,3,1,1,0,2,2,0,4,2,2,1,1,2,2,2,1,0,2
68,68,1543a,1543c,1,3,1,1,0,2,2,0,4,2,1,1,1,1,2,2,0,2,1
69,69,0584a,0584b,1,1,1,1,1,2,2,0,0,2,2,1,1,1,2,2,1,2,2
70,70,0584a,0584c,1,1,1,1,1,2,2,0,0,2,0,1,1,0,2,2,0,1,2
71,71,0584b,0584c,1,2,1,1,1,2,2,1,2,2,0,1,1,0,2,2,0,1,2
72,72,1127a,1127b,1,1,1,1,3,2,2,1,3,2,3,1,1,0,2,2,1,0,2
73,73,1127a,1127c,1,1,1,1,3,2,2,1,3,2,2,4,1,0,2,2,0,2,2
74,74,1127b,1127c,1,3,1,1,0,2,2,1,0,2,2,4,1,0,2,2,0,2,2
75,75,1284a,1284b,1,2,1,1,0,2,2,1,4,2,1,1,1,3,0,2,0,1,2
76,76,1284a,1284c,1,2,1,1,0,2,2,1,4,2,3,1,1,0,2,1,1,2,2
77,77,1360b,1360a,1,2,0,1,0,2,2,0,2,2,3,1,0,2,2,2,0,2,2
78,78,1360b,1360c,1,2,0,1,0,2,2,0,2,2,0,1,1,2,1,2,1,1,1
79,79,1364b,1364c,1,3,1,1,3,2,2,1,1,2,2,2,1,0,2,2,1,3,2
80,80,1364b,1364a,1,3,1,1,3,2,2,1,1,2,2,1,1,2,0,2,0,3,2
81,81,1490c,1490b,1,0,1,1,3,2,2,0,2,2,1,0,1,3,2,1,0,2,2
82,82,1491a,1491b,1,3,1,1,0,2,2,1,3,2,2,1,1,0,2,2,0,1,1
83,83,1491a,1491c,1,3,1,1,0,2,2,1,3,2,1,1,1,1,2,2,1,0,2
84,84,1491b,1491c,1,2,1,1,0,2,2,0,1,1,1,1,1,1,2,2,1,0,2
85,85,0321c,0321a,1,2,1,1,2,2,2,0,2,2,2,1,1,3,2,1,1,2,1
86,86,0321c,0321b,1,2,1,1,2,2,2,0,2,2,3,2,1,3,2,2,1,4,2
87,87,0451a,0451b,1,2,1,1,0,2,1,0,0,2,2,1,1,3,0,2,1,2,1
88,88,0451a,0451c,1,2,1,1,0,2,1,0,0,2,1,0,1,1,2,2,0,2,1
89,89,0503a,0503b,1,2,1,1,0,2,3,0,2,2,2,1,1,1,2,2,1,1,2
90,90,0561a,0561b,1,2,1,1,3,2,1,0,1,2,3,1,1,3,2,2,0,4,2
91,91,0571b,0571a,1,0,1,1,0,2,2,0,0,2,2,4,1,3,2,3,0,1,2
92,92,0571b,0571c,1,0,1,1,0,2,2,0,0,2,1,0,1,1,0,1,0,1,1
93,93,0600a,0600b,1,2,1,1,0,2,1,0,3,2,0,1,1,3,2,2,0,1,2
94,94,0600a,0600c,1,2,1,1,0,2,1,0,3,2,3,1,1,3,2,2,1,0,2
95,95,0600b,0600c,1,0,1,1,3,2,2,0,1,2,3,1,1,3,2,2,1,0,2
96,96,1137a,1137b,1,1,1,1,0,2,1,0,1,2,3,1,1,3,2,1,0,0,2
97,97,1137a,1137c,1,1,1,1,0,2,1,0,1,2,2,2,1,3,2,2,0,3,2
98,98,1230a,1230c,1,0,1,1,0,2,2,0,3,2,2,4,1,3,2,2,0,2,2
99,99,1230a,1230b,1,0,1,1,0,2,2,0,3,2,1,1,0,3,2,2,1,3,2
100,100,1230c,1230b,1,2,4,1,3,2,2,0,2,2,1,1,0,3,2,2,1,3,2
101,101,1248a,1248b,1,2,1,1,3,2,2,1,4,2,3,1,1,1,2,2,0,0,2
102,102,1248a,1248c,1,2,1,1,3,2,2,1,4,2,1,1,1,1,2,2,1,2,2
103,103,1248b,1248c,1,3,1,1,1,2,2,0,0,2,1,1,1,1,2,2,1,2,2
104,104,1335a,1335b,1,2,1,1,0,2,3,0,1,2,2,2,1,0,2,2,3,2,2
105,105,1335a,1335c,1,2,1,1,0,2,3,0,1,2,2,1,1,3,2,2,2,1,1
106,106,1378b,1378c,1,3,1,1,3,2,2,1,3,2,1,1,1,3,2,1,0,2,2
107,107,1378b,1378a,1,3,1,1,3,2,2,1,3,2,3,4,1,3,2,3,0,0,2
108,108,1378c,1378a,1,1,1,1,3,2,1,0,2,2,3,4,1,3,2,3,0,0,2
109,109,1432c,1432a,1,2,2,1,0,2,2,0,2,2,2,4,1,0,2,1,0,1,2
110,110,1432c,1432b,1,2,2,1,0,2,2,0,2,2,3,1,1,0,1,2,1,4,2
111,111,1481a,1481b,1,3,1,1,1,2,2,0,3,2,2,1,1,1,2,2,1,0,2
112,112,1481a,1481c,1,3,1,1,1,2,2,0,3,2,2,1,1,3,2,1,0,0,2
113,113,1481b,1481c,1,2,1,1,1,2,2,1,0,2,2,1,1,3,2,1,0,0,2
114,114,1487a,1487c,1,2,1,1,3,2,3,0,2,2,3,1,1,3,0,1,0,0,1
115,115,1512b,1512c,1,2,0,1,0,2,2,0,0,2,2,1,1,1,2,2,1,3,2
116,116,1565a,1565b,1,2,4,1,3,2,2,0,1,2,2,1,1,3,0,2,0,2,2
117,117,1565a,1565c,1,2,4,1,3,2,2,0,1,2,2,1,1,0,2,2,2,2,2
118,118,0338b,0338a,1,2,1,1,3,2,1,0,3,2,2,4,1,0,2,3,0,1,2
119,119,0338b,0338c,1,2,1,1,3,2,1,0,3,2,0,1,1,3,2,2,1,2,1
120,120,0422a,0422b,1,1,1,1,0,2,1,0,0,2,2,4,1,0,2,2,0,3,2
121,121,0422a,0422c,1,1,1,1,0,2,1,0,0,2,2,0,1,0,2,2,0,3,2
122,122,0422b,0422c,1,2,4,1,0,2,2,0,3,2,2,0,1,0,2,2,0,3,2
123,123,0472b,0472a,1,2,1,1,0,2,1,1,2,2,3,1,1,3,2,3,0,0,2
124,124,0472b,0472c,1,2,1,1,0,2,1,1,2,2,2,1,1,1,2,2,3,2,2
125,125,1227a,1227b,1,1,1,1,3,2,1,0,1,2,3,1,1,3,2,1,0,4,2
126,126,1382c,1382b,1,2,2,1,0,2,2,0,1,2,2,1,1,0,0,2,0,0,2
127,127,1382c,1382a,1,2,2,1,0,2,2,0,1,2,2,0,1,0,2,2,1,3,2
128,128,1445a,1445b,1,0,1,1,3,2,2,0,3,2,2,1,1,2,2,2,0,0,2
129,129,1445a,1445c,1,0,1,1,3,2,2,0,3,2,2,1,1,0,2,3,0,0,2
130,130,1445b,1445c,1,2,1,1,2,2,2,0,0,2,2,1,1,0,2,3,0,0,2
131,131,1486a,1486b,1,1,0,1,0,2,2,0,1,2,2,0,1,0,2,3,1,4,2
132,132,1545a,1545b,1,0,1,1,0,2,2,1,2,2,2,1,1,0,0,2,0,1,2
133,133,1545a,1545c,1,0,1,1,0,2,2,1,2,2,2,1,1,3,2,3,0,1,2
134,134,1545b,1545c,1,2,1,1,0,0,2,0,1,2,2,1,1,3,2,3,0,1,2
135,135,1282b,1282c,1,2,2,1,3,2,2,0,2,2,1,1,2,3,2,2,1,2,2
136,136,1289a,1289b,1,2,1,1,0,2,3,0,3,2,1,4,1,3,2,2,0,2,2
137,137,1289a,1289c,1,2,1,1,0,2,3,0,3,2,1,1,1,3,2,2,1,4,2
138,138,1289b,1289c,1,1,4,1,3,2,2,0,2,2,1,1,1,3,2,2,1,4,2
139,139,1565b,1565c,1,2,1,1,3,0,2,0,2,2,2,1,1,0,2,2,2,2,2
140,140,0552a,0552b,1,2,1,1,0,2,2,1,2,1,2,0,1,3,2,2,0,0,2
141,141,0552a,0552c,1,2,1,1,0,2,2,1,2,1,1,2,1,0,2,2,0,2,2
142,142,0552b,0552c,1,2,0,1,3,2,2,0,0,2,1,2,1,0,2,2,0,2,2
143,143,1307a,1307b,1,1,1,1,3,2,2,0,1,1,3,4,1,0,2,3,1,1,2
144,144,1492a,1492b,1,1,1,1,3,2,1,0,0,2,2,2,1,0,2,2,0,0,2
145,145,1492a,1492c,1,1,1,1,3,2,1,0,0,2,1,1,1,3,2,3,0,2,2
146,146,1492b,1492c,1,2,2,1,0,2,2,0,0,2,1,1,1,3,2,3,0,2,2
147,147,0366a,0366b,1,2,4,1,3,2,2,0,3,2,3,1,2,4,3,2,0,2,2
148,148,0434b,0434c,1,1,4,1,0,2,2,0,0,2,0,1,0,2,2,3,0,3,2
149,149,0434b,0434a,1,1,4,1,0,2,2,0,0,2,3,0,0,2,0,3,3,0,2
150,150,0496f,0496c,1,2,4,1,0,2,2,1,2,2,3,4,1,3,2,2,0,1,2
151,151,0496f,0496d,1,2,4,1,0,2,2,1,2,2,2,1,1,1,2,2,0,1,1
152,152,0496f,0496a,1,2,4,1,0,2,2,1,2,2,3,4,1,0,2,3,1,2,2
153,153,0496f,0496e,1,2,4,1,0,2,2,1,2,2,2,1,0,1,2,3,0,2,2
154,154,1382b,1382a,1,2,1,1,0,0,2,0,0,2,2,0,1,0,2,2,1,3,2
155,155,1416b,1416a,1,2,0,1,0,2,2,1,2,2,1,1,1,3,2,1,0,4,2
156,156,1416b,1416c,1,2,0,1,0,2,2,1,2,2,1,4,1,3,2,3,1,4,2
157,157,0374b,0374c,1,1,4,1,3,2,2,0,1,2,2,1,1,3,2,2,3,0,2
158,158,0374b,0374a,1,1,4,1,3,2,2,0,1,2,2,2,0,0,2,1,3,3,2
159,159,0544b,0544a,1,2,1,1,3,2,3,0,0,2,0,1,1,0,2,2,0,1,1
160,160,0544b,0544c,1,2,1,1,3,2,3,0,0,2,1,4,1,3,2,2,2,0,1
161,161,0579a,0579c,1,1,0,1,3,2,2,0,1,2,2,1,1,0,2,2,1,0,1
162,162,1320a,1320b,1,1,1,1,3,2,1,0,3,2,3,1,1,0,2,1,0,0,2
163,163,1320a,1320c,1,1,1,1,3,2,1,0,3,2,2,2,1,0,2,2,0,3,2
164,164,1320b,1320c,1,3,1,1,0,2,1,0,0,2,2,2,1,0,2,2,0,3,2
165,165,1334a,1334c,1,3,1,1,0,2,3,0,2,2,3,4,1,3,2,3,1,2,2
166,166,1370a,1370b,1,2,1,1,3,0,2,0,1,2,1,0,1,0,2,2,0,3,2
167,167,1370a,1370c,1,2,1,1,3,0,2,0,1,2,3,1,1,1,2,2,1,1,2
168,168,1370b,1370c,1,1,0,1,0,2,2,0,3,2,3,1,1,1,2,2,1,1,2
169,169,1426b,1426c,1,2,1,1,0,2,1,0,4,2,1,0,1,0,2,3,1,2,2
170,170,1426b,1426a,1,2,1,1,0,2,1,0,4,2,2,0,1,1,2,2,1,2,1
171,171,1463a,1463b,1,2,1,1,0,2,2,1,1,1,3,1,1,3,2,1,0,1,2
172,172,1463a,1463c,1,2,1,1,0,2,2,1,1,1,1,2,1,0,2,2,0,1,2
173,173,1463b,1463c,1,3,1,1,3,2,1,0,1,2,1,2,1,0,2,2,0,1,2
174,174,1468a,1468b,1,1,1,1,2,2,2,0,0,2,3,1,1,2,2,2,1,3,2
175,175,1468a,1468c,1,1,1,1,2,2,2,0,0,2,1,2,1,3,2,2,0,4,2
176,176,1483a,1483b,1,2,1,1,3,2,3,0,3,2,3,4,1,0,2,2,0,1,2
177,177,1483a,1483c,1,2,1,1,3,2,3,0,3,2,1,1,1,1,0,1,0,1,1
178,178,1483b,1483c,1,3,4,1,0,2,2,0,1,2,1,1,1,1,0,1,0,1,1
179,179,1488a,1488c,1,1,1,1,0,2,3,0,0,2,3,0,1,0,2,2,0,1,2
180,180,1488a,1488b,1,1,1,1,0,2,3,0,0,2,2,2,1,0,0,2,1,1,1
181,181,1488c,1488b,1,3,0,1,0,2,2,0,1,2,2,2,1,0,0,2,1,1,1
182,182,1534c,1534a,1,3,1,1,0,2,1,0,3,2,2,1,1,1,2,3,1,3,2
183,183,0491b,0491c,1,2,1,1,0,2,1,1,0,2,2,2,1,0,2,2,0,4,2
184,184,0491b,0491a,1,2,1,1,0,2,1,1,0,2,2,1,1,1,2,1,0,2,1
185,185,1119a,1119b,1,1,1,1,0,0,2,0,1,2,1,1,1,3,2,3,0,1,2
186,186,1119a,1119c,1,1,1,1,0,0,2,0,1,2,2,1,1,3,2,2,1,2,1
187,187,1119b,1119c,1,1,1,1,3,2,3,0,1,2,2,1,1,3,2,2,1,2,1
188,188,1129c,1129a,1,1,2,1,3,2,2,0,2,2,3,1,1,0,2,2,3,1,2
189,189,1129c,1129b,1,1,2,1,3,2,2,0,2,2,3,1,1,0,2,2,1,4,1
190,190,1344a,1344b,1,1,1,1,0,2,3,0,3,2,3,4,1,3,2,2,0,2,2
191,191,1344a,1344c,1,1,1,1,0,2,3,0,3,2,3,1,1,3,2,2,1,4,2
192,192,1344b,1344c,1,3,4,1,3,2,2,0,2,2,3,1,1,3,2,2,1,4,2
193,193,1516a,1516b,1,2,0,1,0,2,2,1,1,2,2,1,1,1,2,1,0,1,2
194,194,0306a,0306b,1,3,1,1,2,2,2,0,1,2,2,1,0,2,2,2,0,2,2
195,195,1309b,1309c,1,2,2,1,3,2,2,0,0,2,1,1,0,1,0,1,0,2,1
196,196,1458a,1458b,1,0,1,1,3,2,2,1,1,2,1,1,1,0,2,2,1,2,1
197,197,1458a,1458c,1,0,1,1,3,2,2,1,1,2,1,4,1,3,2,2,0,0,2
198,198,1458b,1458c,1,1,1,1,0,2,2,1,2,1,1,4,1,3,2,2,0,0,2
199,199,0414a,0414b,1,3,2,1,0,2,2,0,2,2,1,1,1,0,2,1,1,1,2
200,200,0414a,0414c,1,3,2,1,0,2,2,0,2,2,0,1,1,0,2,2,1,3,2
201,201,0414b,0414c,1,1,1,1,0,2,1,1,1,2,0,1,1,0,2,2,1,3,2
202,202,0539a,0539b,1,2,4,1,3,2,2,1,2,2,3,1,1,0,0,2,0,2,2
203,203,0539a,0539c,1,2,4,1,3,2,2,1,2,2,2,1,1,0,2,2,3,0,2
204,204,0539b,0539c,1,3,1,1,0,0,2,0,2,2,2,1,1,0,2,2,3,0,2
205,205,0576c,0576b,1,2,4,1,1,2,2,0,2,2,1,1,1,3,0,2,3,0,2
206,206,1137b,1137c,1,3,1,1,3,2,1,0,0,2,2,2,1,3,2,2,0,3,2
207,207,1164c,1164a,1,3,1,1,3,2,3,0,2,2,2,1,0,2,2,1,1,1,2
208,208,1164c,1164b,1,3,1,1,3,2,3,0,2,2,2,1,1,2,1,2,1,1,2
209,209,1180a,1180b,1,2,1,1,2,2,2,1,1,2,1,1,1,0,2,2,1,1,1
210,210,1180a,1180c,1,2,1,1,2,2,2,1,1,2,2,4,1,0,2,3,0,3,2
211,211,1375b,1375c,1,1,4,1,3,2,2,0,3,2,3,4,1,0,2,2,0,0,2
212,212,1375b,1375a,1,1,4,1,3,2,2,0,3,2,1,0,1,1,2,2,0,3,2
213,213,1375c,1375a,1,3,4,1,0,2,2,0,0,2,1,0,1,1,2,2,0,3,2
214,214,0333b,0333c,1,2,1,1,0,2,3,1,1,2,3,2,1,1,2,1,1,1,2
215,215,0333b,0333a,1,2,1,1,0,2,3,1,1,2,2,1,1,3,2,1,2,0,1
216,216,0381a,0381b,1,1,0,1,3,2,2,0,3,2,3,1,1,0,2,3,0,4,2
217,217,0381a,0381c,1,1,0,1,3,2,2,0,3,2,1,4,1,3,2,3,0,2,2
218,218,0411c,0411b,1,2,1,1,3,2,1,0,4,2,1,2,1,1,2,2,0,1,2
219,219,0411c,0411a,1,2,1,1,3,2,1,0,4,2,3,1,1,0,2,1,1,4,2
220,220,1352b,1352c,1,2,1,1,3,2,2,2,1,2,2,2,1,0,2,2,1,2,2
221,221,1352b,1352a,1,2,1,1,3,2,2,2,1,2,2,2,1,1,2,2,1,4,2
222,222,1352c,1352a,1,2,2,1,0,2,2,1,2,2,2,2,1,1,2,2,1,4,2
223,223,1393a,1393b,1,2,4,1,0,2,2,0,4,2,2,1,1,3,0,2,0,3,2
224,224,1393a,1393c,1,2,4,1,0,2,2,0,4,2,1,4,1,0,2,2,1,2,2
225,225,1393b,1393c,1,2,1,1,3,0,2,0,3,2,1,4,1,0,2,2,1,2,2
226,226,1394a,1394c,1,2,1,1,3,2,2,1,1,1,3,2,1,0,2,2,3,2,1
227,227,1394a,1394b,1,2,1,1,3,2,2,1,1,1,3,1,0,1,2,1,1,3,2
228,228,0351c,0351a,1,1,0,1,0,2,2,1,2,2,1,2,0,0,2,2,0,3,2
229,229,0351c,0351b,1,1,0,1,0,2,2,1,2,2,1,1,1,1,3,2,1,3,2
230,230,0424a,0424c,1,1,2,1,3,2,2,0,1,2,2,1,1,0,2,2,3,3,2
231,231,0496c,0496d,1,3,4,1,3,2,2,0,1,2,2,1,1,1,2,2,0,1,1
232,232,0496c,0496a,1,3,4,1,3,2,2,0,1,2,3,4,1,0,2,3,1,2,2
233,233,0496c,0496e,1,3,4,1,3,2,2,0,1,2,2,1,0,1,2,3,0,2,2
234,234,0496d,0496a,1,2,1,1,1,2,2,0,1,1,3,4,1,0,2,3,1,2,2
235,235,0496d,0496e,1,2,1,1,1,2,2,0,1,1,2,1,0,1,2,3,0,2,2
236,236,1257b,1257c,1,3,4,1,0,2,2,0,3,2,0,1,1,3,2,2,0,4,2
237,237,1257b,1257a,1,3,4,1,0,2,2,0,3,2,2,1,1,2,2,1,0,3,2
238,238,1257c,1257a,1,0,1,1,3,2,2,0,4,2,2,1,1,2,2,1,0,3,2
239,239,1447a,1447b,1,2,1,1,3,2,1,1,0,2,1,4,1,0,2,2,2,1,1
240,240,1447a,1447c,1,2,1,1,3,2,1,1,0,2,1,1,0,1,2,2,2,2,2
241,241,0458c,0458b,1,3,0,1,0,2,2,0,3,2,3,2,1,3,2,2,1,3,2
242,242,1284b,1284c,1,1,1,1,3,0,2,0,1,2,3,1,1,0,2,1,1,2,2
243,243,0477a,0477b,1,2,1,1,1,2,1,0,0,2,2,1,1,1,2,3,0,2,2
244,244,1180b,1180c,1,1,1,1,0,2,2,1,1,1,2,4,1,0,2,3,0,3,2
245,245,1442a,1442b,1,3,2,1,0,2,2,0,1,2,2,2,1,3,2,2,1,4,2
246,246,1442a,1442c,1,3,2,1,0,2,2,0,1,2,1,1,1,0,0,2,0,2,1
247,247,1531b,1531c,1,2,1,1,3,2,1,1,3,2,3,1,1,0,2,3,1,2,2
248,248,1531b,1531a,1,2,1,1,3,2,1,1,3,2,2,0,1,0,2,3,0,3,2
249,249,0536a,0536b,1,2,1,1,0,2,3,0,4,2,1,0,1,2,2,2,0,3,2
250,250,0560c,0560a,1,1,1,1,0,2,1,1,0,2,2,4,1,0,0,2,0,3,2
251,251,0560c,0560b,1,1,1,1,0,2,1,1,0,2,0,1,1,0,2,2,1,0,1
252,252,1153a,1153b,1,0,1,1,1,2,2,0,0,2,0,4,1,3,2,2,1,2,2
253,253,1153a,1153c,1,0,1,1,1,2,2,0,0,2,2,1,1,0,1,2,0,1,2
254,254,1402a,1402b,1,2,1,1,1,2,1,0,3,2,1,2,1,3,0,2,1,3,2
255,255,1417c,1417b,1,1,1,1,3,2,2,1,2,1,3,4,1,0,2,3,0,3,2
256,256,1417c,1417a,1,1,1,1,3,2,2,1,2,1,1,1,0,0,2,3,1,3,2
257,257,1520a,1520c,1,3,2,1,3,2,2,0,2,2,2,1,1,3,1,2,0,1,2
258,258,1521a,1521c,1,2,2,1,0,2,2,1,1,2,0,1,1,2,2,2,1,0,2
259,259,1521a,1521b,1,2,2,1,0,2,2,1,1,2,3,1,1,3,0,2,3,3,2
260,260,1543b,1543c,1,2,1,1,2,2,2,1,0,2,1,1,1,1,2,2,0,2,1
261,261,0597c,0597b,1,1,4,1,0,2,2,1,1,2,2,4,1,3,2,3,0,3,2
262,262,0597c,0597a,1,1,4,1,0,2,2,1,1,2,3,4,2,0,2,3,3,1,1
263,263,0355c,0355a,1,1,1,1,1,2,1,0,1,2,3,2,1,3,2,3,0,3,2
264,264,0355c,0355b,1,1,1,1,1,2,1,0,1,2,1,4,1,0,0,2,1,1,1
265,265,0374c,0374a,1,2,1,1,3,2,2,3,0,2,2,2,0,0,2,1,3,3,2
266,266,0396c,0396b,1,3,1,1,0,2,2,3,2,2,2,1,0,1,2,2,1,3,2
267,267,0550a,0550b,1,3,4,1,3,2,2,0,0,2,3,0,1,0,2,2,0,4,2
268,268,0550a,0550c,1,3,4,1,3,2,2,0,0,2,2,0,1,1,2,2,0,4,2
269,269,1366a,1366b,1,3,1,1,0,2,1,1,1,2,2,2,1,3,2,2,1,2,2
270,270,1366a,1366c,1,3,1,1,0,2,1,1,1,2,0,1,1,0,2,2,1,1,1
271,271,1366b,1366c,1,2,2,1,3,2,2,1,2,2,0,1,1,0,2,2,1,1,1
272,272,1413a,1413b,1,2,1,1,1,2,3,0,1,2,0,1,1,0,2,1,0,2,2
273,273,1413a,1413c,1,2,1,1,1,2,3,0,1,2,1,4,1,3,2,2,1,2,2
274,274,1413b,1413c,1,0,1,1,0,2,1,0,2,2,1,4,1,3,2,2,1,2,2
275,275,0307a,0307b,1,2,0,1,3,2,2,0,4,2,3,0,1,0,2,2,1,2,2
276,276,0307a,0307c,1,2,0,1,3,2,2,0,4,2,1,1,1,1,2,2,2,3,2
277,277,0363c,0363b,1,1,1,1,0,2,2,3,0,2,1,1,1,1,2,1,0,1,1
278,278,0363c,0363a,1,1,1,1,0,2,2,3,0,2,0,0,1,1,2,2,1,1,2
279,279,1176b,1176a,1,1,4,1,1,2,2,0,2,2,2,0,2,4,2,2,1,3,2
280,280,1255a,1255b,1,1,1,1,0,2,2,1,0,1,1,1,1,1,2,2,1,4,2
281,281,1255a,1255c,1,1,1,1,0,2,2,1,0,1,2,1,1,0,1,2,0,2,2
282,282,1255b,1255c,1,1,1,1,1,2,2,1,4,2,2,1,1,0,1,2,0,2,2
283,283,1234a,1234b,1,3,4,1,3,2,2,0,3,2,3,0,1,1,2,3,0,4,2
284,284,1234a,1234c,1,3,4,1,3,2,2,0,3,2,2,1,0,2,2,3,0,2,2
285,285,1236a,1236c,1,3,0,1,3,2,2,0,3,2,1,1,1,1,2,3,0,1,2
286,286,1236a,1236b,1,3,0,1,3,2,2,0,3,2,3,4,1,0,2,2,1,0,2
287,287,1149a,1149b,1,1,1,1,0,2,3,1,1,2,2,4,1,3,2,2,1,0,2
288,288,1149a,1149c,1,1,1,1,0,2,3,1,1,2,1,1,1,3,2,1,3,3,2
289,289,1149b,1149c,1,2,4,1,3,2,2,1,0,2,1,1,1,3,2,1,3,3,2
290,290,1416a,1416c,1,1,1,1,3,2,1,0,4,2,1,4,1,3,2,3,1,4,2
291,291,0491c,0491a,1,2,2,1,0,2,2,0,4,2,2,1,1,1,2,1,0,2,1
292,292,1134a,1134b,1,2,0,1,3,2,2,1,0,2,3,4,1,1,2,2,0,2,2
293,293,1134a,1134c,1,2,0,1,3,2,2,1,0,2,2,1,1,0,2,2,3,4,2
294,294,1144b,1144c,1,1,2,1,0,2,2,1,2,2,1,1,1,2,2,1,0,0,2
295,295,1424a,1424b,1,3,4,1,0,2,2,1,2,2,3,1,1,0,0,2,0,0,2
296,296,1424a,1424c,1,3,4,1,0,2,2,1,2,2,1,1,1,3,2,2,1,1,1
297,297,1424b,1424c,1,3,1,1,0,0,2,0,0,2,1,1,1,3,2,2,1,1,1
298,298,1471b,1471c,1,1,0,1,0,2,2,0,4,2,1,1,1,0,0,1,1,1,2
299,299,0307b,0307c,1,3,0,1,0,2,2,1,2,2,1,1,1,1,2,2,2,3,2
300,300,0569c,0569a,1,1,1,1,0,2,2,3,3,2,1,1,0,2,2,3,0,3,2
301,301,0569c,0569b,1,1,1,1,0,2,2,3,3,2,0,0,1,2,2,1,1,1,2
302,302,0472a,0472c,1,3,1,1,3,2,3,0,0,2,2,1,1,1,2,2,3,2,2
303,303,1268a,1268b,1,2,1,1,0,0,2,0,4,2,1,1,1,0,2,2,1,3,1
304,304,1268a,1268c,1,2,1,1,0,0,2,0,4,2,2,1,1,3,2,3,0,4,2
305,305,1268b,1268c,1,1,1,1,0,2,2,1,3,1,2,1,1,3,2,3,0,4,2
306,306,1433a,1433b,1,2,2,1,0,2,2,1,0,2,3,1,1,3,0,2,0,1,2
307,307,1433a,1433c,1,2,2,1,0,2,2,1,0,2,1,4,1,0,2,2,1,0,2
308,308,1433b,1433c,1,3,1,1,3,0,2,0,1,2,1,4,1,0,2,2,1,0,2
309,309,1129a,1129b,1,3,1,1,0,2,2,3,1,2,3,1,1,0,2,2,1,4,1
310,310,1131a,1131b,1,1,1,1,1,2,1,0,0,2,2,0,1,1,2,2,0,3,2
311,311,1252a,1252b,1,3,1,1,3,2,3,0,3,2,2,2,1,3,2,2,1,1,2
312,312,1252a,1252c,1,3,1,1,3,2,3,0,3,2,1,2,1,0,2,2,1,1,1
313,313,1252b,1252c,1,2,2,1,3,2,2,1,1,2,1,2,1,0,2,2,1,1,1
314,314,1329a,1329b,1,1,1,1,3,2,1,1,3,2,1,1,1,3,2,2,3,0,2
315,315,1329a,1329c,1,1,1,1,3,2,1,1,3,2,0,1,1,0,2,2,3,0,2
316,316,1364c,1364a,1,2,2,1,0,2,2,1,3,2,2,1,1,2,0,2,0,3,2
317,317,1531c,1531a,1,3,1,1,0,2,3,1,2,2,2,0,1,0,2,3,0,3,2
318,318,1494a,1494b,1,1,0,1,1,2,2,0,1,2,2,1,1,0,2,1,1,4,2
319,319,1494a,1494c,1,1,0,1,1,2,2,0,1,2,3,4,1,3,2,3,3,3,2
320,320,1494b,1494c,1,2,1,1,0,2,1,1,4,2,3,4,1,3,2,3,3,3,2
321,321,1498a,1498b,1,0,1,1,1,2,2,1,2,2,2,1,1,1,0,2,0,1,2
322,322,0335a,0335b,1,1,1,1,2,2,2,1,0,2,3,4,1,0,2,2,1,1,2
323,323,0335a,0335c,1,1,1,1,2,2,2,1,0,2,3,1,1,0,2,1,1,3,2
324,324,0335b,0335c,1,3,4,1,0,2,2,1,1,2,3,1,1,0,2,1,1,3,2
325,325,0349a,0349b,1,3,1,1,1,2,1,0,1,2,0,1,1,3,2,2,3,1,2
326,326,0314b,0314c,1,0,0,1,0,2,2,0,2,2,1,1,1,3,2,0,0,0,2
327,327,0314b,0314a,1,0,0,1,0,2,2,0,2,2,1,1,1,0,2,1,2,1,1
328,328,1152b,1152a,1,2,1,1,1,2,3,0,3,2,3,4,0,2,2,1,0,2,2
329,329,1152b,1152c,1,2,1,1,1,2,3,0,3,2,0,0,1,1,2,1,1,1,1
330,330,1329b,1329c,1,1,1,1,3,2,2,3,0,2,0,1,1,0,2,2,3,0,2
331,331,1330a,1330b,1,3,2,1,3,2,2,0,0,2,2,2,1,3,2,2,0,4,2
332,332,1330a,1330c,1,3,2,1,3,2,2,0,0,2,1,1,1,2,2,2,1,3,2
333,333,1330b,1330c,1,2,2,1,3,2,2,0,4,2,1,1,1,2,2,2,1,3,2
334,334,1451a,1451c,1,1,4,1,3,2,2,0,4,2,0,0,1,0,2,2,0,0,2
335,335,1451a,1451b,1,1,4,1,3,2,2,0,4,2,3,1,1,3,2,3,3,3,2
336,336,1236c,1236b,1,1,1,1,1,2,3,0,1,2,3,4,1,0,2,2,1,0,2
337,337,0461a,0461b,1,3,1,1,3,0,2,0,0,2,2,1,1,0,2,2,2,0,1
338,338,1361b,1361a,1,1,0,1,3,2,2,0,4,2,1,4,1,0,0,2,3,3,2
339,339,0432a,0432c,1,3,0,1,3,2,2,1,2,2,3,1,1,0,2,2,2,0,2
340,340,0544a,0544c,1,0,1,1,0,2,2,0,1,1,1,4,1,3,2,2,2,0,1
341,341,0592b,0592c,1,1,2,1,1,2,2,0,2,2,1,2,1,1,2,3,0,3,2
342,342,0593a,0593b,1,3,1,1,0,2,2,3,0,2,3,4,1,0,2,2,3,3,2
343,343,0593a,0593c,1,3,1,1,0,2,2,3,0,2,1,1,1,1,2,3,0,0,1
344,344,1134b,1134c,1,3,4,1,1,2,2,0,2,2,2,1,1,0,2,2,3,4,2
345,345,1432a,1432b,1,2,4,1,0,2,1,0,1,2,3,1,1,0,1,2,1,4,2
346,346,0537a,0537b,1,3,1,1,3,2,2,2,1,2,2,1,0,3,0,2,1,4,2
347,347,0537a,0537c,1,3,1,1,3,2,2,2,1,2,2,2,1,3,2,2,2,0,1
348,348,1303c,1303a,1,3,4,1,0,2,2,0,4,2,3,4,1,0,0,2,0,4,2
349,349,1303c,1303b,1,3,4,1,0,2,2,0,4,2,3,1,0,2,2,2,0,3,2
350,350,0550b,0550c,1,3,0,1,0,2,2,0,4,2,2,0,1,1,2,2,0,4,2
351,351,1460a,1460b,1,2,1,1,1,0,2,0,0,2,2,2,1,3,2,2,1,3,2
352,352,1231a,1231b,1,1,2,1,0,2,2,1,0,2,0,0,1,0,2,2,0,1,2
353,353,1231a,1231c,1,1,2,1,0,2,2,1,0,2,1,4,1,3,2,2,1,3,2
354,354,1231b,1231c,1,0,0,1,0,2,2,0,1,2,1,4,1,3,2,2,1,3,2
355,355,0350b,0350c,1,2,1,1,3,2,1,1,4,2,2,0,1,0,1,1,0,2,2
356,356,0350b,0350a,1,2,1,1,3,2,1,1,4,2,3,2,1,0,1,2,1,3,2
357,357,1219a,1219b,1,3,1,1,1,2,1,0,0,2,2,0,1,0,2,1,0,3,2
358,358,1219a,1219c,1,3,1,1,1,2,1,0,0,2,2,4,0,1,2,3,0,1,2
359,359,0531a,0531b,1,2,2,1,1,2,2,0,3,2,2,0,1,3,2,1,0,2,2
360,360,0531a,0531c,1,2,2,1,1,2,2,0,3,2,1,4,1,1,2,2,0,3,2
361,361,0531b,0531c,1,2,0,1,3,2,1,0,2,2,1,4,1,1,2,2,0,3,2
362,362,1448a,1448b,1,2,1,1,0,2,1,0,0,1,1,2,1,3,2,2,1,1,2
363,363,1448a,1448c,1,2,1,1,0,2,1,0,0,1,3,4,1,3,2,2,1,1,2
364,364,1448b,1448c,1,1,2,1,3,2,2,1,1,2,3,4,1,3,2,2,1,1,2
365,365,1554a,1554b,1,2,1,1,2,2,1,0,1,2,2,1,1,1,2,2,1,1,1
366,366,1554a,1554c,1,2,1,1,2,2,1,0,1,2,3,0,1,3,2,2,1,1,2
367,367,1554b,1554c,1,2,1,1,1,2,2,1,1,1,3,0,1,3,2,2,1,1,2
368,368,0381b,0381c,1,3,1,1,0,2,3,0,4,2,1,4,1,3,2,3,0,2,2
369,369,0411b,0411a,1,1,2,1,1,2,2,0,1,2,3,1,1,0,2,1,1,4,2
370,370,0562a,0562c,1,0,1,1,3,2,2,1,4,2,3,0,1,3,2,1,0,2,2
371,371,0570c,0570a,1,3,4,1,1,2,2,0,1,2,2,1,0,3,0,2,1,3,2
372,372,0577b,0577c,1,2,1,0,3,2,2,1,2,2,1,1,1,1,2,3,0,0,2
373,373,1181a,1181b,1,1,0,1,0,2,1,0,2,2,2,1,0,2,2,1,1,0,2
374,374,1181a,1181c,1,1,0,1,0,2,1,0,2,2,2,2,1,0,0,3,0,4,2
375,375,1260a,1260b,1,0,1,1,1,2,2,0,4,2,2,1,1,1,2,1,1,0,2
376,376,1260a,1260c,1,0,1,1,1,2,2,0,4,2,3,2,1,0,2,2,1,1,2
377,377,1260b,1260c,1,2,1,1,1,2,1,1,0,2,3,2,1,0,2,2,1,1,2
378,378,1341a,1341b,1,0,2,1,0,2,2,0,2,2,2,4,1,0,2,3,0,2,2
379,379,1341a,1341c,1,0,2,1,0,2,2,0,2,2,2,1,1,2,2,2,1,4,2
380,380,1341b,1341c,1,2,4,1,0,2,3,0,2,2,2,1,1,2,2,2,1,4,2
381,381,1343a,1343b,1,2,0,1,0,2,1,0,0,2,2,1,1,0,2,3,1,4,2
382,382,1343a,1343c,1,2,0,1,0,2,1,0,0,2,0,0,1,1,2,1,0,1,1
383,383,1343b,1343c,1,2,1,1,0,2,3,1,4,2,0,0,1,1,2,1,0,1,1
384,384,1475a,1475b,1,1,1,0,0,2,2,1,2,2,3,1,0,3,2,2,0,3,2
385,385,1475a,1475c,1,1,1,0,0,2,2,1,2,2,3,1,1,3,0,1,3,4,2
386,386,1476a,1476c,1,1,1,1,0,2,1,0,1,1,1,2,1,3,0,2,1,1,1
387,387,0316b,0316a,1,2,1,1,3,2,2,2,4,2,2,1,2,3,2,3,1,2,2
388,388,1411a,1411b,1,2,0,1,1,2,2,1,1,2,3,1,1,3,2,3,1,1,2
389,389,1411a,1411c,1,2,0,1,1,2,2,1,1,2,0,1,1,3,2,3,0,2,2
390,390,1411b,1411c,1,3,1,1,3,2,3,1,1,2,0,1,1,3,2,3,0,2,2
391,391,1468b,1468c,1,3,1,1,2,2,2,1,3,2,1,2,1,3,2,2,0,4,2
392,392,0375a,0375c,1,3,0,1,3,2,2,0,4,2,2,4,1,4,2,2,2,1,1
393,393,0375a,0375b,1,3,0,1,3,2,2,0,4,2,1,3,0,1,0,2,0,2,1
394,394,1451c,1451b,1,0,0,1,0,2,2,0,0,2,3,1,1,3,2,3,3,3,2
395,395,0489c,0489b,1,1,1,1,1,2,2,1,2,1,1,0,1,0,2,3,3,4,2
396,396,0489c,0489a,1,1,1,1,1,2,2,1,2,1,1,4,2,0,2,3,1,2,2
397,397,1219b,1219c,1,2,0,1,0,2,1,0,3,2,2,4,0,1,2,3,0,1,2
398,398,1090c,1090a,1,0,0,1,3,2,2,0,1,2,2,0,1,1,2,1,0,1,1
399,399,1237a,1237b,1,2,1,0,1,2,2,0,1,2,3,0,1,1,2,2,0,0,2
400,400,1237a,1237c,1,2,1,0,1,2,2,0,1,2,2,1,0,2,2,2,0,1,2
401,401,1237b,1237c,1,3,0,1,1,2,2,0,0,2,2,1,0,2,2,2,0,1,2
402,402,1365c,1365a,1,2,2,1,1,2,2,1,2,2,3,4,1,3,2,1,0,3,2
403,403,1365c,1365b,1,2,2,1,1,2,2,1,2,2,0,4,1,3,2,2,1,0,2
404,404,0365a,0365b,1,0,2,1,0,2,2,0,1,2,2,1,1,3,0,2,0,2,1
405,405,0365a,0365c,1,0,2,1,0,2,2,0,1,2,0,4,0,3,0,1,1,2,1
406,406,1336a,1336b,1,0,1,1,2,2,2,0,0,2,3,1,1,3,2,3,0,4,2
407,407,1336a,1336c,1,0,1,1,2,2,2,0,0,2,0,1,1,0,2,3,0,0,2
408,408,1336b,1336c,1,3,1,1,3,2,3,0,4,2,0,1,1,0,2,3,0,0,2
409,409,0336a,0336c,1,1,2,1,3,2,2,1,3,2,3,2,1,2,2,2,0,1,1
410,410,0338a,0338c,1,2,4,1,0,2,3,0,1,2,0,1,1,3,2,2,1,2,1
411,411,0301a,0301b,1,1,0,1,0,2,2,1,4,2,1,1,1,2,2,3,0,0,2
412,412,0301a,0301c,1,1,0,1,0,2,2,1,4,2,3,1,1,4,0,2,0,1,2
413,413,1441a,1441b,1,1,1,1,1,2,2,2,1,2,2,0,1,0,0,2,0,2,2
414,414,1441a,1441c,1,1,1,1,1,2,2,2,1,2,1,1,1,1,2,2,1,1,1
415,415,1441b,1441c,1,2,0,1,0,0,2,0,2,2,1,1,1,1,2,2,1,1,1
416,416,1444a,1444b,1,0,1,1,0,2,3,0,3,2,1,0,1,1,2,2,0,0,1
417,417,1513b,1513a,1,2,0,1,3,2,3,0,2,2,2,0,1,3,2,3,0,3,2
418,418,1513b,1513c,1,2,0,1,3,2,3,0,2,2,1,1,1,0,1,2,1,1,2
419,419,0372a,0372b,1,1,1,1,3,2,1,0,1,1,1,1,1,3,1,2,1,2,2
420,420,1267c,1267a,1,1,0,1,0,2,2,0,1,1,2,1,1,0,2,2,2,2,1
421,421,1267c,1267b,1,1,0,1,0,2,2,0,1,1,2,2,1,2,2,2,0,1,2
422,422,1475b,1475c,1,3,1,0,3,2,2,0,3,2,3,1,1,3,0,1,3,4,2
423,423,1222c,1222a,1,0,1,1,0,2,2,1,2,1,2,1,0,2,2,1,0,3,2
424,424,1429b,1429c,1,2,1,1,0,0,2,0,1,1,0,0,1,3,2,2,0,0,2
425,425,1429b,1429a,1,2,1,1,0,0,2,0,1,1,1,2,1,2,2,2,1,0,1
426,426,1429c,1429a,1,0,0,1,3,2,2,0,0,2,1,2,1,2,2,2,1,0,1
427,427,1461b,1461c,1,2,2,1,0,2,1,0,0,2,2,4,1,3,2,1,0,3,2
428,428,1461b,1461a,1,2,2,1,0,2,1,0,0,2,1,0,1,1,2,0,0,1,2
429,429,1461c,1461a,1,2,4,1,3,2,1,0,3,2,1,0,1,1,2,0,0,1,2
430,430,0896a,0896c,1,3,1,1,1,2,3,0,3,2,1,1,1,0,2,3,1,4,2
431,431,0318c,0318b,1,3,2,1,3,2,2,0,4,2,1,2,1,0,0,2,0,0,2
432,432,0365b,0365c,1,2,1,1,3,0,2,0,2,1,0,4,0,3,0,1,1,2,1
433,433,0334a,0334b,1,2,0,1,0,2,3,0,0,2,2,0,1,0,2,2,3,1,2
434,434,0334a,0334c,1,2,0,1,0,2,3,0,0,2,1,4,1,3,0,2,0,0,2
435,435,1267a,1267b,1,2,1,1,0,2,2,2,2,1,2,2,1,2,2,2,0,1,2
436,436,0571a,0571c,1,2,4,1,3,2,3,0,1,2,1,0,1,1,0,1,0,1,1
437,437,1442b,1442c,1,2,2,1,3,2,2,1,4,2,1,1,1,0,0,2,0,2,1
438,438,0321a,0321b,1,2,1,1,3,2,1,1,2,1,3,2,1,3,2,2,1,4,2
439,439,1165b,1165c,1,0,1,1,2,2,2,1,2,2,3,0,2,4,0,2,3,2,2
440,440,0483a,0483b,1,2,2,1,3,2,2,0,1,1,1,1,1,0,0,3,1,2,1
441,441,1391b,1391a,1,3,4,1,0,2,2,1,4,2,3,4,1,3,2,3,0,3,2
442,442,0532b,0532c,1,2,1,1,3,0,2,0,1,1,2,2,1,3,2,3,0,2,2
443,443,1484b,1484c,1,1,1,1,0,2,1,1,2,1,1,1,1,0,0,1,2,2,1
444,444,0429b,0429a,1,1,1,1,3,2,3,1,4,2,2,0,1,3,2,3,0,4,2
445,445,0510c,0510b,1,3,1,1,1,2,1,1,0,2,0,1,1,3,0,3,3,3,1
446,446,1174a,1174b,1,1,1,1,1,2,3,0,4,2,2,0,1,3,3,2,1,4,2
447,447,1547a,1547b,1,2,4,1,1,2,1,0,2,2,2,0,1,1,2,1,0,2,2
448,448,1547a,1547c,1,2,4,1,1,2,1,0,2,2,2,0,1,3,2,3,0,0,2
449,449,1547b,1547c,1,2,0,1,1,2,1,0,2,2,2,0,1,3,2,3,0,0,2
450,450,0337a,0337b,1,2,1,1,3,2,2,3,2,1,3,4,1,3,2,2,3,4,2
451,451,0337a,0337c,1,2,1,1,3,2,2,3,2,1,3,4,1,1,2,1,1,3,2
452,452,0354b,0354a,1,3,1,1,0,2,3,1,4,2,2,1,1,4,2,1,0,4,2
453,453,0354b,0354c,1,3,1,1,0,2,3,1,4,2,1,0,0,1,0,1,3,2,2
454,454,1153b,1153c,1,0,4,1,3,2,2,1,2,2,2,1,1,0,1,2,0,1,2
455,455,1552a,1552b,1,3,0,1,1,2,2,1,1,2,2,1,1,3,2,1,1,1,1
456,456,1552a,1552c,1,3,0,1,1,2,2,1,1,2,3,1,1,1,2,1,1,3,2
457,457,1552b,1552c,1,2,1,1,3,2,1,1,1,1,3,1,1,1,2,1,1,3,2
458,458,1039c,1039a,1,2,4,1,0,2,2,3,1,2,3,1,0,0,0,3,1,0,2
459,459,0560a,0560b,1,2,4,1,0,0,2,0,3,2,0,1,1,0,2,2,1,0,1
460,460,0334b,0334c,1,2,0,1,0,2,2,3,1,2,1,4,1,3,0,2,0,0,2
461,461,0597b,0597a,1,2,4,1,3,2,3,0,3,2,3,4,2,0,2,3,3,1,1
462,462,1513a,1513c,1,2,0,1,3,2,3,0,3,2,1,1,1,0,1,2,1,1,2
463,463,1374b,1374c,1,1,1,1,0,2,2,2,2,1,3,0,1,0,2,1,0,3,2
464,464,1374b,1374a,1,1,1,1,0,2,2,2,2,1,3,2,0,2,2,3,0,4,2
465,465,1374c,1374a,1,3,0,1,0,2,1,0,3,2,3,2,0,2,2,3,0,4,2
466,466,0313c,0313b,1,0,1,1,3,2,2,1,1,1,2,1,0,2,2,2,0,0,2
467,467,0319a,0319c,1,2,4,1,0,2,3,1,2,2,2,0,0,0,2,2,0,2,2
468,468,0319a,0319b,1,2,4,1,0,2,3,1,2,2,1,1,1,1,2,3,0,2,1
469,469,0319c,0319b,1,2,0,0,0,2,2,0,2,2,1,1,1,1,2,3,0,2,1
470,470,0353a,0353b,1,2,1,1,3,1,2,0,2,2,2,1,1,1,2,1,1,2,1
471,471,0353a,0353c,1,2,1,1,3,1,2,0,2,2,1,2,1,1,2,3,0,1,2
472,472,1201a,1201b,1,0,1,1,0,2,2,2,3,2,2,0,1,0,2,3,0,4,2
473,473,1551a,1551b,1,0,1,1,0,2,2,3,3,2,1,1,1,0,2,1,1,1,1
474,474,1551a,1551c,1,0,1,1,0,2,2,3,3,2,2,4,1,3,2,2,3,2,2
475,475,1551b,1551c,1,1,1,1,0,2,1,1,1,1,2,4,1,3,2,2,3,2,2
476,476,0456b,0456c,1,0,1,1,1,2,2,0,1,1,2,2,1,0,2,3,0,3,2
477,477,0456b,0456a,1,0,1,1,1,2,2,0,1,1,2,1,0,2,2,2,0,3,2
478,478,0456c,0456a,1,2,2,1,0,2,3,0,3,2,2,1,0,2,2,2,0,3,2
479,479,1123c,1123b,1,3,4,1,3,2,2,1,4,2,0,2,1,0,2,2,1,1,2
480,480,1123c,1123a,1,3,4,1,3,2,2,1,4,2,2,1,2,1,0,1,1,2,1
481,481,1146a,1146b,1,0,4,1,0,2,2,1,0,2,2,0,1,3,2,1,1,1,2
482,482,1146a,1146c,1,0,4,1,0,2,2,1,0,2,3,0,1,3,2,2,1,4,2
483,483,1146b,1146c,1,2,0,1,3,2,1,1,1,2,3,0,1,3,2,2,1,4,2
484,484,1204a,1204b,1,0,0,1,0,2,2,1,0,2,2,1,1,3,1,3,0,4,2
485,485,0492a,0492b,1,3,4,1,1,2,2,0,4,2,2,0,1,0,2,1,1,3,2
486,486,0492a,0492c,1,3,4,1,1,2,2,0,4,2,2,0,1,1,2,1,0,1,2
487,487,0492b,0492c,1,2,0,1,0,2,1,1,3,2,2,0,1,1,2,1,0,1,2
488,488,0555b,0555c,1,1,1,1,0,1,2,0,2,2,3,0,1,1,2,2,0,4,2
489,489,0555b,0555a,1,1,1,1,0,1,2,0,2,2,1,4,0,2,0,2,3,4,1
490,490,0555c,0555a,1,3,0,1,1,2,2,0,4,2,1,4,0,2,0,2,3,4,1
491,491,1335b,1335c,1,2,2,1,0,2,2,3,2,2,2,1,1,3,2,2,2,1,1
492,492,0301b,0301c,1,1,1,1,2,2,3,0,0,2,3,1,1,4,0,2,0,1,2
493,493,0594a,0594b,1,3,2,1,0,2,2,1,4,2,0,0,0,3,2,0,0,3,2
494,494,0594a,0594c,1,3,2,1,0,2,2,1,4,2,0,4,2,4,2,2,0,3,2
495,495,1497a,1497b,1,0,4,1,0,2,2,1,3,2,2,1,1,0,0,2,1,2,1
496,496,1497a,1497c,1,0,4,1,0,2,2,1,3,2,2,0,1,3,2,2,3,4,2
497,497,1497b,1497c,1,2,1,1,0,0,2,1,2,1,2,0,1,3,2,2,3,4,2
498,498,0373a,0373b,1,3,0,1,0,0,2,0,2,2,2,1,1,1,2,1,0,0,1
499,499,0373a,0373c,1,3,0,1,0,0,2,0,2,2,3,0,1,3,2,3,1,4,2
500,500,1091b,1091c,1,1,1,1,0,2,2,2,1,1,2,4,0,2,2,2,0,2,2
501,501,1091b,1091a,1,1,1,1,0,2,2,2,1,1,3,1,2,4,2,2,3,4,2
502,502,1123b,1123a,1,0,2,1,0,2,2,1,1,2,2,1,2,1,0,1,1,2,1
503,503,1521c,1521b,1,0,1,1,2,2,2,1,0,2,3,1,1,3,0,2,3,3,2
504,504,0373b,0373c,1,2,1,1,1,2,1,0,0,1,3,0,1,3,2,3,1,4,2
505,505,1431c,1431a,1,3,1,1,3,2,3,1,4,2,3,1,1,3,2,1,3,0,2
506,506,1493a,1493b,1,2,1,1,0,1,2,0,3,2,2,4,1,0,2,2,3,3,2
507,507,1508b,1508a,1,1,1,1,0,2,1,1,0,1,2,4,1,0,2,2,3,4,2
508,508,1508b,1508c,1,1,1,1,0,2,1,1,0,1,1,4,1,1,0,2,0,0,2
509,509,0431c,0431b,1,2,0,1,0,2,2,2,3,2,3,0,2,1,2,3,0,2,2
510,510,0431c,0431a,1,2,0,1,0,2,2,2,3,2,3,2,1,3,1,2,3,2,2
511,511,1365a,1365b,1,3,4,1,3,2,1,0,3,2,0,4,1,3,2,2,1,0,2
512,512,0538a,0538b,1,2,1,0,3,2,2,1,4,2,1,1,1,3,2,1,2,1,2
513,513,0538a,0538c,1,2,1,0,3,2,2,1,4,2,2,2,1,0,2,2,2,1,2
514,514,0538b,0538c,1,1,1,1,3,2,1,2,1,2,2,2,1,0,2,2,2,1,2
515,515,0445a,0445b,1,2,2,1,0,0,2,0,3,2,1,1,1,3,2,1,1,1,1
516,516,0445a,0445c,1,2,2,1,0,0,2,0,3,2,2,4,1,3,0,2,0,4,2
517,517,0445b,0445c,1,1,1,1,3,2,1,1,1,1,2,4,1,3,0,2,0,4,2
518,518,1440c,1440b,1,2,4,1,1,2,3,0,2,2,0,4,0,2,0,2,0,4,1
519,519,1450b,1450a,1,2,2,1,3,2,3,0,3,2,3,1,1,3,2,2,2,1,1
520,520,1450b,1450c,1,2,2,1,3,2,3,0,3,2,3,0,1,1,2,1,1,3,2
521,521,0363b,0363a,1,1,1,1,1,2,1,0,1,1,0,0,1,1,2,2,1,1,2
522,522,1171b,1171a,1,2,4,1,3,2,1,1,3,2,1,2,1,3,2,3,0,0,2
523,523,1426c,1426a,1,1,0,1,0,2,3,1,2,2,2,0,1,1,2,2,1,2,1
524,524,1430a,1430b,1,2,1,1,0,2,3,3,3,2,1,1,1,1,1,2,0,3,2
525,525,1430a,1430c,1,2,1,1,0,2,3,3,3,2,0,0,1,3,2,3,0,3,2
526,526,1504c,1504b,1,0,1,1,0,2,1,0,2,1,3,1,1,3,1,2,0,4,2
527,527,1504c,1504a,1,0,1,1,0,2,1,0,2,1,1,0,1,1,2,1,3,0,2
528,528,1417b,1417a,1,3,4,1,0,2,3,0,3,2,1,1,0,0,2,3,1,3,2
529,529,0451b,0451c,1,2,1,1,3,0,2,1,2,1,1,0,1,1,2,2,0,2,1
530,530,1485a,1485b,1,3,4,1,0,2,2,2,2,2,0,1,1,3,2,1,1,2,1
531,531,1485a,1485c,1,3,4,1,0,2,2,2,2,2,3,4,1,3,2,3,1,3,2
532,532,1328a,1328b,1,3,1,1,2,2,3,0,0,2,1,2,1,0,2,2,3,2,2
533,533,1328a,1328c,1,3,1,1,2,2,3,0,0,2,1,1,1,3,2,2,2,1,1
534,534,1328b,1328c,1,1,2,1,0,2,2,3,2,2,1,1,1,3,2,2,2,1,1
535,535,1465a,1465b,1,3,4,1,0,2,2,3,2,2,0,1,1,1,2,1,1,2,2
536,536,1465a,1465c,1,3,4,1,0,2,2,3,2,2,1,2,0,2,2,2,0,2,2
537,537,1465b,1465c,1,0,1,1,1,2,1,1,2,2,1,2,0,2,2,2,0,2,2
538,538,1253a,1253b,1,3,0,1,0,2,2,3,2,2,0,1,1,1,2,1,1,1,1
539,539,1253a,1253c,1,3,0,1,0,2,2,3,2,2,2,0,0,2,2,2,0,0,2
540,540,1495a,1495b,1,2,1,0,3,2,1,0,3,2,1,1,1,2,2,1,1,0,2
541,541,1495a,1495c,1,2,1,0,3,2,1,0,3,2,1,1,1,0,0,2,1,2,1
542,542,1495b,1495c,1,1,1,1,2,2,1,1,0,2,1,1,1,0,0,2,1,2,1
543,543,0551c,0551a,1,3,2,1,0,0,2,0,2,2,2,1,1,1,2,0,1,3,2
544,544,1538a,1538c,1,1,1,1,3,2,3,1,2,1,0,2,1,0,2,1,1,0,2
545,545,1538a,1538b,1,1,1,1,3,2,3,1,2,1,2,2,1,3,0,2,0,1,1
546,546,0353b,0353c,1,2,1,1,1,2,1,1,2,1,1,2,1,1,2,3,0,1,2
547,547,0380a,0380b,1,1,4,1,3,2,2,3,1,2,1,3,2,3,3,2,0,2,2
548,548,1240a,1240b,1,1,0,1,3,2,2,3,1,2,1,1,1,1,0,1,0,3,2
549,549,1240a,1240c,1,1,0,1,3,2,2,3,1,2,2,1,0,0,2,3,1,1,2
550,550,1350a,1350c,1,3,1,1,0,2,3,1,2,1,1,4,1,3,0,1,2,1,1
551,551,1421a,1421b,1,1,0,1,0,2,2,3,3,2,3,1,1,3,2,2,2,2,1
552,552,1325a,1325b,1,3,1,1,0,1,2,0,1,2,0,1,1,1,2,2,1,2,1
553,553,1325a,1325c,1,3,1,1,0,1,2,0,1,2,1,4,1,3,2,3,1,2,2
554,554,1325b,1325c,1,0,1,1,1,2,2,1,2,1,1,4,1,3,2,3,1,2,2
555,555,0440c,0440b,1,3,4,1,0,2,1,0,4,2,2,1,1,2,0,2,1,0,1
556,556,0440c,0440a,1,3,4,1,0,2,1,0,4,2,2,0,0,2,2,2,0,4,2
557,557,0587a,0587b,1,1,1,1,2,2,2,2,0,2,0,1,1,0,2,1,1,0,1
558,558,0587a,0587c,1,1,1,1,2,2,2,2,0,2,1,4,0,3,2,3,1,3,2
559,559,1221a,1221c,1,3,4,1,0,2,2,2,1,2,2,1,1,0,2,0,0,3,2
560,560,0348a,0348b,1,3,0,1,0,2,1,0,4,2,1,1,1,1,0,1,0,2,1
561,561,0348a,0348c,1,3,0,1,0,2,1,0,4,2,3,1,0,2,2,2,3,3,2
562,562,0474b,0474c,1,2,1,1,3,2,3,3,3,2,3,4,1,0,2,2,3,1,2
563,563,1405b,1405c,1,1,1,1,0,0,2,1,1,1,2,3,1,0,2,2,0,1,2
564,564,0496a,0496e,1,3,4,1,0,2,3,1,2,2,2,1,0,1,2,3,0,2,2
565,565,1409b,1409a,1,1,1,1,3,2,3,3,1,2,3,4,1,3,0,2,0,4,2
566,566,1409b,1409c,1,1,1,1,3,2,3,3,1,2,0,2,1,0,0,2,1,2,1
567,567,1533b,1533c,1,1,0,1,0,2,3,0,4,2,1,2,1,3,2,1,0,1,1
568,568,1533b,1533a,1,1,0,1,0,2,3,0,4,2,3,3,0,3,2,2,0,3,2
569,569,0340a,0340b,1,3,0,1,0,2,3,1,2,2,1,4,1,1,2,1,0,3,2
570,570,0340a,0340c,1,3,0,1,0,2,3,1,2,2,1,0,1,1,2,1,0,3,2
571,571,0340b,0340c,1,1,4,1,1,2,1,0,3,2,1,0,1,1,2,1,0,3,2
572,572,0413a,0413b,1,1,1,1,1,2,3,0,1,1,1,1,1,3,0,1,2,2,1
573,573,1368b,1368c,1,3,1,1,1,2,2,3,4,2,2,1,1,3,0,1,2,0,1
574,574,0507a,0507b,1,1,1,1,3,0,2,1,2,1,0,1,1,3,2,1,1,4,2
575,575,0507a,0507c,1,1,1,1,3,0,2,1,2,1,3,4,1,1,2,1,0,1,2
576,576,0507b,0507c,1,0,1,1,3,2,1,1,4,2,3,4,1,1,2,1,0,1,2
577,577,1546b,1546c,1,3,1,1,0,0,3,0,3,2,3,0,1,0,2,1,1,3,2
578,578,1546b,1546a,1,3,1,1,0,0,3,0,3,2,1,1,0,3,2,1,1,2,1
579,579,1546c,1546a,1,3,0,1,0,2,1,1,3,2,1,1,0,3,2,1,1,2,1
580,580,0563a,0563c,1,1,1,1,1,0,2,0,2,1,1,4,1,1,0,3,0,2,2
581,581,1450a,1450c,1,3,1,1,3,2,2,2,1,1,3,0,1,1,2,1,1,3,2
582,582,1360a,1360c,1,3,1,0,2,2,2,0,2,2,0,1,1,2,1,2,1,1,1
583,583,0923a,0923c,1,2,1,1,1,1,2,0,2,2,1,1,1,2,2,3,0,4,2
584,584,0403c,0403a,1,1,0,0,0,2,2,0,3,2,2,0,2,1,0,1,0,1,1
585,585,0471a,0471b,1,1,4,1,1,2,3,0,1,2,0,0,1,0,1,2,0,2,2
586,586,0471a,0471c,1,1,4,1,1,2,3,0,1,2,0,0,1,3,2,1,1,2,1
587,587,1367a,1367b,1,2,0,1,1,2,2,3,2,2,1,1,0,1,2,1,0,3,2
588,588,1367a,1367c,1,2,0,1,1,2,2,3,2,2,1,1,1,3,2,0,0,3,2
589,589,1099a,1099c,1,2,1,1,3,0,2,2,3,2,2,4,0,2,2,2,0,3,2
590,590,1508a,1508c,1,2,4,1,0,2,2,3,4,2,1,4,1,1,0,2,0,0,2
591,591,1319a,1319b,1,2,0,1,0,2,2,3,4,2,2,4,2,3,2,2,2,1,2
592,592,1319a,1319c,1,2,0,1,0,2,2,3,4,2,1,0,1,0,2,0,1,4,2
593,593,0327c,0327b,1,1,1,1,1,2,1,1,2,1,0,1,1,1,1,2,0,3,2
594,594,0327c,0327a,1,1,1,1,1,2,1,1,2,1,3,1,1,1,2,0,0,4,2
595,595,1178a,1178b,1,3,4,1,3,0,2,0,3,2,3,0,1,3,2,2,3,1,2
596,596,1178a,1178c,1,3,4,1,3,0,2,0,3,2,2,4,1,3,0,2,1,0,2
597,597,1178b,1178c,1,3,0,1,3,2,2,3,1,2,2,4,1,3,0,2,1,0,2
598,598,0593b,0593c,1,3,4,1,0,2,2,3,3,2,1,1,1,1,2,3,0,0,1
599,599,0457a,0457c,1,2,3,1,3,2,2,0,1,2,0,2,1,0,0,2,0,3,2
600,600,0457a,0457b,1,2,3,1,3,2,2,0,1,2,1,4,0,1,0,2,0,1,1
601,601,0421b,0421c,1,2,0,1,1,0,2,0,0,2,1,0,1,1,2,2,1,1,1
602,602,0421b,0421a,1,2,0,1,1,0,2,0,0,2,3,2,1,3,2,3,3,3,2
603,603,0521a,0521b,1,2,1,1,1,2,1,3,0,2,1,1,1,0,1,1,0,0,2
604,604,0521a,0521c,1,2,1,1,1,2,1,3,0,2,3,1,2,1,0,2,1,3,2
605,605,1477a,1477b,1,3,0,1,3,2,1,1,0,2,1,1,1,1,0,2,0,1,1
606,606,1477a,1477c,1,3,0,1,3,2,1,1,0,2,3,1,1,2,2,2,1,0,1
607,607,1477b,1477c,1,1,1,1,1,0,2,0,1,1,3,1,1,2,2,2,1,0,1
608,608,0355a,0355b,1,3,2,1,3,2,3,0,3,2,1,4,1,0,0,2,1,1,1
609,609,1499b,1499c,1,2,1,1,2,2,2,3,4,2,2,0,1,3,0,2,1,3,2
610,610,1496a,1496c,1,2,4,1,1,2,1,0,4,2,2,1,1,1,0,2,2,2,1
611,611,1140c,1140a,1,2,4,1,2,2,1,0,1,2,3,4,0,2,2,1,1,3,2
612,612,1140c,1140b,1,2,4,1,2,2,1,0,1,2,0,0,1,3,0,1,1,2,1
613,613,1086b,1086c,1,0,1,1,1,2,2,1,0,1,2,1,1,1,0,1,1,2,1
614,614,1224c,1224b,1,1,0,1,1,2,1,1,2,2,2,4,2,4,3,3,3,4,2
615,615,1286a,1286b,1,1,2,1,3,2,1,1,3,2,3,4,1,0,2,3,0,4,2
616,616,1286a,1286c,1,1,2,1,3,2,1,1,3,2,2,1,1,1,2,1,3,3,2
617,617,1286b,1286c,1,3,4,1,0,2,3,0,4,2,2,1,1,1,2,1,3,3,2
618,618,1408c,1408a,1,0,1,1,0,0,2,0,2,1,3,1,0,3,2,1,0,3,2
619,619,1408c,1408b,1,0,1,1,0,0,2,0,2,1,1,1,0,1,0,3,0,2,1
620,620,0892a,0892c,1,1,0,1,1,2,3,0,0,2,3,2,0,2,2,2,1,0,2
621,621,1240b,1240c,1,1,1,1,1,0,1,0,3,2,2,1,0,0,2,3,1,1,2
622,622,0473a,0473b,1,1,2,1,0,0,2,1,1,2,1,4,1,1,0,3,0,3,2
623,623,0473a,0473c,1,1,2,1,0,0,2,1,1,2,1,1,1,3,2,3,2,4,1
624,624,1567c,1567b,1,2,4,1,4,2,2,0,2,2,3,1,0,2,2,2,0,0,2
625,625,1208a,1208b,1,0,4,1,0,0,2,0,2,2,1,0,1,0,2,1,0,1,1
626,626,1208a,1208c,1,0,4,1,0,0,2,0,2,2,0,1,1,0,2,1,3,2,2
627,627,1208b,1208c,1,1,0,1,0,2,1,0,1,1,0,1,1,0,2,1,3,2,2
628,628,1408a,1408b,1,3,1,0,3,2,1,0,3,2,1,1,0,1,0,3,0,2,1
629,629,0351a,0351b,1,1,2,0,0,2,2,0,3,2,1,1,1,1,3,2,1,3,2
630,630,0969a,0969c,1,2,2,1,1,2,2,1,2,1,3,4,1,3,2,2,2,3,2
631,631,0969a,0969b,1,2,2,1,1,2,2,1,2,1,2,0,1,1,2,1,1,2,1
632,632,0969c,0969b,1,3,4,1,3,2,2,2,3,2,2,0,1,1,2,1,1,2,1
633,633,0405c,0405a,1,1,0,1,1,2,2,1,2,1,3,0,1,0,2,3,1,2,1
634,634,0405c,0405b,1,1,0,1,1,2,2,1,2,1,1,0,1,4,0,2,0,1,2
635,635,0368b,0368c,1,3,0,1,3,0,2,1,2,2,3,1,0,2,2,3,2,2,2
636,636,0522b,0522c,1,2,1,0,2,2,2,0,4,2,3,1,2,4,0,2,0,3,2
637,637,1194a,1194b,1,3,1,1,1,2,1,1,2,1,2,4,0,1,2,2,0,1,2
638,638,1194a,1194c,1,3,1,1,1,2,1,1,2,1,2,1,2,1,2,2,0,3,2
639,639,1194b,1194c,1,2,4,0,1,2,2,0,1,2,2,1,2,1,2,2,0,3,2
640,640,1197a,1197c,1,1,4,1,3,0,2,1,0,2,1,2,1,0,0,2,0,4,2
641,641,1197a,1197b,1,1,4,1,3,0,2,1,0,2,0,0,1,4,2,3,0,4,2
642,642,1197c,1197b,1,1,2,1,0,0,2,0,4,2,0,0,1,4,2,3,0,4,2
643,643,1303a,1303b,1,3,4,1,0,0,2,0,4,2,3,1,0,2,2,2,0,3,2
644,644,1273a,1273c,1,1,2,1,0,0,2,1,0,2,1,1,1,3,1,1,3,1,2
645,645,1294a,1294b,1,1,0,1,0,2,1,0,0,1,1,1,1,0,2,0,0,3,2
646,646,1294a,1294c,1,1,0,1,0,2,1,0,0,1,3,0,1,3,2,3,1,0,2
647,647,1294b,1294c,1,1,1,1,0,2,0,0,3,2,3,0,1,3,2,3,1,0,2
648,648,1254a,1254b,1,1,1,1,1,2,1,3,3,2,2,1,0,2,2,2,1,3,2
649,649,0421c,0421a,1,1,0,1,1,2,2,1,1,1,3,2,1,3,2,3,3,3,2
650,650,1485b,1485c,1,0,1,1,3,2,1,1,2,1,3,4,1,3,2,3,1,3,2
651,651,1409a,1409c,1,3,4,1,3,0,2,0,4,2,0,2,1,0,0,2,1,2,1
652,652,0556a,0556b,1,2,1,1,1,0,2,0,4,1,0,2,0,1,0,2,1,1,1
653,653,0556a,0556c,1,2,1,1,1,0,2,0,4,1,0,1,0,1,0,3,1,0,1
654,654,0314c,0314a,1,1,1,1,3,2,0,0,0,2,1,1,1,0,2,1,2,1,1
655,655,0587b,0587c,1,0,1,1,0,2,1,1,0,1,1,4,0,3,2,3,1,3,2
656,656,0547a,0547c,1,2,2,0,1,2,2,0,1,2,1,2,1,3,2,1,2,1,1
657,657,0927a,0927b,1,1,0,1,0,0,2,0,2,1,1,4,1,1,2,3,1,1,2
658,658,0927a,0927c,1,1,0,1,0,0,2,0,2,1,2,1,0,2,2,1,0,1,2
659,659,0927b,0927c,1,1,4,1,1,2,3,1,1,2,2,1,0,2,2,1,0,1,2
660,660,1367b,1367c,1,1,1,0,1,2,1,0,3,2,1,1,1,3,2,0,0,3,2
661,661,1430b,1430c,1,1,1,1,1,1,2,0,3,2,0,0,1,3,2,3,0,3,2
662,662,0564a,0564b,1,2,1,1,0,2,3,3,2,1,2,2,1,2,0,2,1,1,1
663,663,0564a,0564c,1,2,1,1,0,2,3,3,2,1,0,1,1,1,1,1,0,3,2
664,664,1533c,1533a,1,1,2,1,3,2,1,0,1,1,3,3,0,3,2,2,0,3,2
665,665,1196a,1196b,1,0,1,1,3,2,2,2,1,1,0,2,1,0,2,2,1,2,1
666,666,1196a,1196c,1,0,1,1,3,2,2,2,1,1,1,1,1,1,2,3,3,3,2
667,667,1196b,1196c,1,0,2,1,0,2,2,1,2,1,1,1,1,1,2,3,3,3,2
668,668,1511b,1511c,1,0,1,0,2,2,2,0,2,2,1,1,0,1,0,3,1,0,1
669,669,1501c,1501b,1,0,1,1,0,0,2,1,2,1,3,1,1,2,2,1,1,0,1
670,670,1501c,1501a,1,0,1,1,0,0,2,1,2,1,1,3,1,0,2,3,1,3,2
671,671,1504b,1504a,1,3,1,1,3,1,2,0,4,2,1,0,1,1,2,1,3,0,2
672,672,0337b,0337c,1,3,4,1,3,2,2,3,4,2,3,4,1,1,2,1,1,3,2
673,673,0546c,0546b,1,2,0,1,3,2,1,3,1,2,3,1,1,3,1,3,0,1,2
674,674,0333c,0333a,1,3,2,1,1,2,1,1,1,2,2,1,1,3,2,1,2,0,1
675,675,1212a,1212c,1,2,1,1,0,0,2,2,2,1,2,0,1,0,0,2,2,2,1
676,676,1358a,1358b,1,2,1,1,1,1,2,0,4,2,3,4,0,1,2,2,0,1,2
677,677,1358a,1358c,1,2,1,1,1,1,2,0,4,2,3,4,1,1,2,3,1,1,2
678,678,1358b,1358c,1,3,4,0,1,2,2,0,1,2,3,4,1,1,2,3,1,1,2
679,679,0457c,0457b,1,0,2,1,0,0,2,0,3,2,1,4,0,1,0,2,0,1,1
680,680,0354a,0354c,1,2,1,1,4,2,1,0,4,2,1,0,0,1,0,1,3,2,2
681,681,0516a,0516b,1,2,0,1,0,0,3,0,3,2,0,1,0,2,2,2,0,1,2
682,682,1538c,1538b,1,0,2,1,0,2,1,1,0,2,2,2,1,3,0,2,0,1,1
683,683,1091c,1091a,1,2,4,0,2,2,2,0,2,2,3,1,2,4,2,2,3,4,2
684,684,0488b,0488c,1,2,0,0,0,2,1,0,0,2,1,4,0,1,2,2,0,4,2
685,685,1447b,1447c,1,1,4,1,0,2,2,2,1,1,1,1,0,1,2,2,2,2,2
686,686,1377a,1377b,1,2,2,1,3,0,3,0,2,2,0,1,1,0,1,2,1,0,2
687,687,1377a,1377c,1,2,2,1,3,0,3,0,2,2,2,1,0,2,2,3,0,3,2
688,688,0518a,0518b,1,2,1,1,0,0,2,2,1,1,1,1,1,0,0,1,1,2,1
689,689,0518a,0518c,1,2,1,1,0,0,2,2,1,1,3,4,1,1,2,3,0,4,2
690,690,0518b,0518c,1,1,1,1,0,0,1,1,2,1,3,4,1,1,2,3,0,4,2
691,691,0521b,0521c,1,1,1,1,0,1,1,0,0,2,3,1,2,1,0,2,1,3,2
692,692,1363b,1363a,1,0,1,1,1,0,2,0,2,1,0,0,1,1,2,3,2,3,2
693,693,1363b,1363c,1,0,1,1,1,0,2,0,2,1,0,1,0,1,0,2,0,1,1
694,694,1234b,1234c,1,3,0,1,1,2,3,0,4,2,2,1,0,2,2,3,0,2,2
695,695,0950a,0950b,1,2,1,1,3,0,2,2,2,1,1,0,1,3,0,1,0,3,2
696,696,1443c,1443b,1,0,1,1,1,2,1,1,2,1,2,1,1,2,0,2,2,0,1
697,697,0324b,0324c,1,0,1,1,3,0,2,1,1,1,1,1,0,4,2,2,0,3,2
698,698,0324b,0324a,1,0,1,1,3,0,2,1,1,1,0,2,1,0,1,2,1,3,2
699,699,1155b,1155a,1,1,1,1,3,0,1,1,2,1,1,1,0,2,2,1,1,0,2
700,700,1155b,1155c,1,1,1,1,3,0,1,1,2,1,1,0,1,0,2,0,0,3,2
701,701,0348b,0348c,1,1,1,1,1,0,1,0,2,1,3,1,0,2,2,2,3,3,2
702,702,1253b,1253c,1,0,1,1,1,2,1,1,1,1,2,0,0,2,2,2,0,0,2
703,703,0405a,0405b,1,3,0,1,0,2,3,1,2,1,1,0,1,4,0,2,0,1,2
704,704,0525a,0525b,1,1,2,1,3,2,1,1,1,1,2,3,0,0,2,2,0,3,2
705,705,0525a,0525c,1,1,2,1,3,2,1,1,1,1,1,1,1,2,2,1,2,1,1
706,706,0517b,0517c,1,3,0,1,3,0,1,0,3,2,1,1,1,3,0,2,3,2,1
707,707,0517b,0517a,1,3,0,1,3,0,1,0,3,2,3,0,1,0,2,0,1,1,2
708,708,0517c,0517a,1,1,1,1,3,0,2,3,2,1,3,0,1,0,2,0,1,1,2
709,709,0537b,0537c,1,2,1,0,3,0,2,1,4,2,2,2,1,3,2,2,2,0,1
710,710,0440b,0440a,1,2,1,1,2,0,2,1,0,1,2,0,0,2,2,2,0,4,2
711,711,1394c,1394b,1,3,2,1,0,2,2,3,2,1,3,1,0,1,2,1,1,3,2
712,712,1501b,1501a,1,3,1,1,2,2,1,1,0,1,1,3,1,0,2,3,1,3,2
713,713,1377b,1377c,1,0,1,1,0,1,2,1,0,2,2,1,0,2,2,3,0,3,2
714,714,1164a,1164b,1,2,1,0,2,2,1,1,1,2,2,1,1,2,1,2,1,1,2
715,715,1036b,1036c,1,2,2,0,2,2,2,0,0,2,1,4,1,0,0,2,2,0,2
716,716,0328b,0328a,1,0,2,1,1,2,3,0,3,2,3,1,0,2,2,3,0,2,2
717,717,0535a,0535b,1,2,4,1,1,2,2,2,1,1,0,0,1,2,2,2,1,4,2
718,718,0535a,0535c,1,2,4,1,1,2,2,2,1,1,1,2,1,3,2,1,3,3,2
719,719,0535b,0535c,1,0,0,1,2,2,2,1,4,2,1,2,1,3,2,1,3,3,2
720,720,0324c,0324a,1,1,1,0,4,2,2,0,3,2,0,2,1,0,1,2,1,3,2
721,721,0390c,0390a,1,2,0,1,0,1,2,1,3,2,0,0,1,0,1,2,1,2,2
722,722,1181b,1181c,1,2,1,0,2,2,1,1,0,2,2,2,1,0,0,3,0,4,2
723,723,0327b,0327a,1,0,1,1,1,1,2,0,3,2,3,1,1,1,2,0,0,4,2
724,724,0569a,0569b,1,1,1,0,2,2,3,0,3,2,0,0,1,2,2,1,1,1,2
725,725,0315b,0315a,1,2,1,0,2,2,1,1,3,2,2,4,0,2,2,3,0,3,2
726,726,0924a,0924b,1,2,2,1,3,1,2,1,2,2,1,0,1,3,0,2,1,0,1
727,727,0924a,0924c,1,2,2,1,3,1,2,1,2,2,0,1,1,0,2,1,2,1,1
728,728,0924b,0924c,1,1,0,1,3,0,2,1,0,1,0,1,1,0,2,1,2,1,1
729,729,0350c,0350a,1,2,0,1,0,1,1,0,2,2,3,2,1,0,1,2,1,3,2
730,730,0489b,0489a,1,1,0,1,0,2,3,3,4,2,1,4,2,0,2,3,1,2,2
731,731,1155a,1155c,1,1,1,0,2,2,1,1,0,2,1,0,1,0,2,0,0,3,2
732,732,0302a,0302c,1,2,0,1,1,0,2,1,1,1,3,1,0,2,2,3,0,3,2
733,733,0302a,0302b,1,2,0,1,1,0,2,1,1,1,2,2,2,4,3,3,3,4,2
734,734,0302c,0302b,1,3,1,0,2,2,3,0,3,2,2,2,2,4,3,3,3,4,2
735,735,0471b,0471c,1,0,0,1,0,1,2,0,2,2,0,0,1,3,2,1,1,2,1
736,736,1383b,1383c,1,3,2,1,3,0,2,1,2,1,1,1,1,1,0,2,2,2,1
737,737,1323a,1323b,1,2,0,1,1,2,3,2,3,2,1,1,0,2,2,1,1,3,2
738,738,1323a,1323c,1,2,0,1,1,2,3,2,3,2,1,0,1,1,2,2,3,0,1
739,739,1323b,1323c,1,1,1,0,2,2,1,1,3,2,1,0,1,1,2,2,3,0,1
740,740,0473b,0473c,1,1,4,1,1,0,3,0,3,2,1,1,1,3,2,3,2,4,1
741,741,0357b,0357a,1,2,1,0,0,0,2,2,3,2,3,4,1,1,2,3,2,3,2
742,742,0357b,0357c,1,2,1,0,0,0,2,2,3,2,0,2,1,1,0,2,0,1,1
743,743,0311a,0311c,1,1,2,1,1,2,1,3,3,2,0,0,1,0,0,2,2,1,1
744,744,0463a,0463b,1,1,1,1,0,0,3,3,4,2,0,0,0,3,2,3,0,3,2
745,745,1259a,1259b,1,1,4,0,0,2,3,1,3,2,1,0,1,3,2,1,2,2,1
746,746,1259a,1259c,1,1,4,0,0,2,3,1,3,2,0,1,1,0,0,2,2,1,1
747,747,1259b,1259c,1,1,0,1,3,2,1,2,2,1,0,1,1,0,0,2,2,1,1
748,748,0525b,0525c,1,2,3,0,0,2,2,0,3,2,1,1,1,2,2,1,2,1,1
749,749,1191b,1191c,1,3,4,0,1,2,1,0,3,2,3,4,1,3,2,3,3,4,2
750,750,0357a,0357c,1,3,4,1,1,2,3,2,3,2,0,2,1,1,0,2,0,1,1
751,751,0434c,0434a,1,0,1,0,2,2,3,0,3,2,3,0,0,2,0,3,3,0,2
752,752,0450c,0450b,1,1,1,0,0,0,1,0,1,1,1,2,0,1,0,2,0,2,1
753,753,1152a,1152c,1,3,4,0,2,2,1,0,2,2,0,0,1,1,2,1,1,1,1
754,754,0564b,0564c,1,2,2,1,2,0,2,1,1,1,0,1,1,1,1,1,0,3,2
755,755,0585b,0585c,1,3,1,2,3,2,3,1,4,2,0,1,0,2,2,1,1,0,2
756,756,1319b,1319c,1,2,4,2,3,2,2,2,1,2,1,0,1,0,2,0,1,4,2
757,757,0323c,0323a,1,1,0,1,1,0,1,0,0,1,3,4,2,4,2,2,3,2,2
758,758,0323c,0323b,1,1,0,1,1,0,1,0,0,1,3,0,0,1,0,3,1,1,1
759,759,0385c,0385a,1,2,2,1,0,1,2,2,1,2,0,0,1,2,2,3,3,0,2
760,760,0540a,0540c,1,3,3,1,1,2,3,0,3,2,2,1,0,4,0,2,0,3,2
761,761,1363a,1363c,1,0,0,1,1,2,3,2,3,2,0,1,0,1,0,2,0,1,1
762,762,1500a,1500b,1,3,4,1,4,2,3,1,3,2,0,2,1,0,0,2,2,2,1
763,763,1271a,1271b,1,1,1,1,2,0,1,1,4,1,3,4,2,2,0,2,1,3,2
764,764,1271a,1271c,1,1,1,1,2,0,1,1,4,1,0,1,2,4,2,2,2,2,2
765,765,0469a,0469b,1,2,3,1,1,2,2,3,4,2,3,2,1,2,0,2,1,1,1
766,766,0469a,0469c,1,2,3,1,1,2,2,3,4,2,2,0,1,1,0,2,3,0,1
767,767,0469b,0469c,1,3,2,1,2,0,2,1,1,1,2,0,1,1,0,2,3,0,1
768,768,0873a,0873b,1,2,2,0,2,2,2,3,0,2,3,0,2,3,0,2,0,3,2
769,769,0431b,0431a,1,3,0,2,1,2,3,0,2,2,3,2,1,3,1,2,3,2,2
770,770,0460b,0460c,1,1,4,0,0,2,3,3,3,2,2,4,2,1,2,2,2,1,2
771,771,0347a,0347b,1,2,4,1,3,0,3,1,4,1,1,1,0,0,0,2,2,0,1
772,772,1140a,1140b,1,3,4,0,2,2,1,1,3,2,0,0,1,3,0,1,1,2,1
773,773,0375c,0375b,1,2,4,1,4,2,2,2,1,1,1,3,0,1,0,2,0,2,1
774,774,1406a,1406b,1,1,2,2,4,2,2,0,2,2,1,0,0,1,0,2,2,2,2
775,775,1406a,1406c,1,1,2,2,4,2,2,0,2,2,1,0,1,4,0,2,3,2,2
776,776,1406b,1406c,1,1,0,0,1,0,2,2,2,2,1,0,1,4,0,2,3,2,2
777,777,0911b,0911c,1,1,3,1,1,2,2,2,1,1,2,4,2,3,2,3,3,2,2
778,778,0401b,0401c,1,2,0,2,3,2,3,3,2,2,1,3,1,3,0,3,0,4,2
779,779,0376c,0376b,1,2,1,0,0,3,2,2,3,2,1,2,0,2,0,1,1,1,1
780,780,0317a,0317b,1,1,1,0,2,0,1,1,2,1,0,4,0,0,0,2,2,3,2
781,781,0317a,0317c,1,1,1,0,2,0,1,1,2,1,0,0,0,2,2,3,1,3,2
782,782,0317b,0317c,1,0,4,0,0,0,2,2,3,2,0,0,0,2,2,3,1,3,2
783,783,0387b,0387a,1,2,2,0,1,0,1,0,2,1,0,1,0,2,0,1,2,2,2
784,784,1198a,1198b,1,3,0,2,4,2,2,0,4,2,1,0,1,3,2,0,2,2,1
785,785,0549b,0549c,1,0,1,0,2,2,3,3,4,2,3,1,1,3,3,3,3,4,2
786,786,0594b,0594c,1,0,0,0,3,2,0,0,3,2,0,4,2,4,2,2,0,3,2
787,787,1271b,1271c,1,3,4,2,2,0,2,1,3,2,0,1,2,4,2,2,2,2,2
788,788,0556b,0556c,1,0,2,0,1,0,2,1,1,1,0,1,0,1,0,3,1,0,1
789,789,1414b,1414c,1,0,4,0,0,0,1,1,1,1,1,0,1,1,3,1,1,2,1
790,790,0323a,0323b,1,3,4,2,4,2,2,3,2,2,3,0,0,1,0,3,1,1,1
791,276257,1155a,1103a,0,1,1,0,2,2,1,1,0,2,3,2,0,1,0,1,1,2,1
792,189452,1149c,1282c,0,1,1,1,3,2,1,3,3,2,1,1,2,3,2,2,1,2,2
793,164586,0373b,0340a,0,2,1,1,1,2,1,0,0,1,3,0,1,0,2,3,1,2,2
794,112341,1468b,1507b,0,3,1,1,2,2,2,1,3,2,1,0,1,1,2,2,3,0,2
795,169016,0515a,1430a,0,1,1,1,3,2,2,2,2,1,2,1,1,0,2,3,3,3,2
796,194156,0429a,0594c,0,2,0,1,3,2,3,0,4,2,0,4,2,4,2,2,0,3,2
797,37908,0366a,0380a,0,2,4,1,3,2,2,0,3,2,1,4,1,3,2,2,3,1,2
798,45586,1488a,1149a,0,1,1,1,0,2,3,0,0,2,1,1,1,0,2,3,1,1,2
799,97688,1432a,0449c,0,2,4,1,0,2,1,0,1,2,1,0,1,3,2,3,0,0,2
800,67513,1417c,1413c,0,1,1,1,3,2,2,1,2,1,1,4,1,3,2,2,1,2,2
801,141161,1517c,0507c,0,3,0,1,0,2,2,1,4,2,3,4,1,1,2,1,0,1,2
802,36209,1362c,1341a,0,3,0,1,0,2,2,0,2,2,0,2,1,0,2,2,0,2,2
803,37966,0366a,1319a,0,2,4,1,3,2,2,0,3,2,2,0,1,0,2,2,3,4,2
804,83,0359a,1248b,0,2,1,1,0,2,2,0,2,2,3,1,1,1,2,2,0,0,2
805,222843,0412b,0376c,0,3,4,1,3,2,2,3,0,2,2,1,0,0,3,2,2,3,2
806,292484,0549c,1091a,0,3,1,1,3,3,3,3,4,2,3,1,2,4,2,2,3,4,2
807,194961,0587a,0463a,0,1,1,1,2,2,2,2,0,2,1,1,1,0,0,3,3,4,2
808,221292,1240b,1416c,0,1,1,1,1,0,1,0,3,2,1,4,1,3,2,3,1,4,2
809,161456,0594a,1363c,0,3,2,1,0,2,2,1,4,2,0,1,0,1,0,2,0,1,1
810,65700,0560c,0338c,0,1,1,1,0,2,1,1,0,2,0,1,1,3,2,2,1,2,1
811,9903,1454b,1374b,0,2,1,1,3,2,2,1,0,2,1,1,1,0,2,2,2,2,1
812,11227,1534b,1498a,0,1,1,1,3,2,2,1,1,2,0,1,1,1,2,2,1,2,2
813,62345,0477a,0440c,0,2,1,1,1,2,1,0,0,2,3,4,1,0,2,1,0,4,2
814,182310,1253a,1494c,0,3,0,1,0,2,2,3,2,2,3,4,1,3,2,3,3,3,2
815,249667,1358a,0471c,0,2,1,1,1,1,2,0,4,2,0,0,1,3,2,1,1,2,1
816,79201,1471b,1551b,0,1,0,1,0,2,2,0,4,2,1,1,1,0,2,1,1,1,1
817,193155,1262a,1350c,0,2,4,1,3,2,3,0,4,2,1,4,1,3,0,1,2,1,1
818,248529,0570a,0571c,0,2,1,0,3,0,2,1,3,2,1,0,1,1,0,1,0,1,1
819,144670,0510c,1099a,0,3,1,1,1,2,1,1,0,2,2,1,1,3,0,2,2,3,2
820,222278,1555b,1036c,0,2,2,1,1,2,3,0,3,2,1,4,1,0,0,2,2,0,2
821,248092,0333c,0938b,0,3,2,1,1,2,1,1,1,2,2,1,0,2,2,1,1,2,2
822,228897,0368b,0488b,0,3,0,1,3,0,2,1,2,2,2,0,0,0,2,1,0,0,2
823,173847,1167a,1323c,0,0,2,1,0,2,2,0,4,2,1,0,1,1,2,2,3,0,1
824,278356,0473b,1414c,0,1,4,1,1,0,3,0,3,2,1,0,1,1,3,1,1,2,1
825,288007,0540c,1083a,0,2,1,0,4,0,2,0,3,2,0,4,2,4,2,3,1,1,1
826,177798,0321b,1361a,0,3,2,1,3,2,2,1,4,2,1,4,1,0,0,2,3,3,2
827,286023,0463b,1091a,0,0,0,0,3,2,3,0,3,2,3,1,2,4,2,2,3,4,2
828,268053,1340c,1422a,0,1,0,0,0,2,1,1,2,2,3,4,0,3,0,2,1,3,2
829,10312,1455a,1090c,0,3,1,1,0,2,2,1,2,2,0,0,1,3,2,2,0,1,2
830,167419,1508b,0315a,0,1,1,1,0,2,1,1,0,1,2,4,0,2,2,3,0,3,2
831,189725,1149c,1422a,0,1,1,1,3,2,1,3,3,2,3,4,0,3,0,2,1,3,2
832,91815,0402b,1178c,0,3,4,1,3,2,2,1,2,2,2,4,1,3,0,2,1,0,2
833,197150,1391a,1367c,0,3,4,1,3,2,3,0,3,2,1,1,1,3,2,0,0,3,2
834,174987,1201b,0941c,0,2,0,1,0,2,3,0,4,2,1,0,0,4,2,3,1,3,2
835,166797,1493a,1394c,0,2,1,1,0,1,2,0,3,2,3,2,1,0,2,2,3,2,1
836,261945,0938b,1311c,0,2,1,0,2,2,1,1,2,2,1,1,0,1,0,1,1,2,1
837,92653,1236c,1374c,0,1,1,1,1,2,3,0,1,2,3,0,1,0,2,1,0,3,2
838,191689,1421a,1140b,0,1,0,1,0,2,2,3,3,2,0,0,1,3,0,1,1,2,1
839,84322,1329a,1426a,0,1,1,1,3,2,1,1,3,2,2,0,1,1,2,2,1,2,1
840,204931,0923a,0473a,0,2,1,1,1,1,2,0,2,2,1,2,1,0,0,2,1,1,2
841,171853,1237c,0473c,0,2,1,0,2,2,2,0,1,2,1,1,1,3,2,3,2,4,1
842,122125,1441a,1237c,0,1,1,1,1,2,2,2,1,2,2,1,0,2,2,2,0,1,2
843,161824,1497a,1036c,0,0,4,1,0,2,2,1,3,2,1,4,1,0,0,2,2,0,2
844,178740,1173c,1443c,0,1,2,1,3,0,2,0,2,2,0,1,1,1,2,1,1,2,1
845,175223,1371c,0354a,0,2,1,1,0,2,3,2,3,2,2,1,1,4,2,1,0,4,2
846,10942,1510b,1508b,0,1,1,1,0,2,2,1,0,2,1,1,1,0,2,1,1,0,1
847,165732,1520c,0546c,0,2,1,1,3,1,2,0,1,2,2,0,1,3,2,1,3,1,2
848,11078,1534b,1261b,0,1,1,1,3,2,2,1,1,2,3,4,1,0,2,2,0,2,2
849,241513,1430b,1196c,0,1,1,1,1,1,2,0,3,2,1,1,1,1,2,3,3,3,2
850,114461,0489c,1546a,0,1,1,1,1,2,2,1,2,1,1,1,0,3,2,1,1,2,1
851,261449,1099c,1406c,0,2,4,0,2,2,2,0,3,2,1,0,1,4,0,2,3,2,2
852,88470,0349a,0885c,0,3,1,1,1,2,1,0,1,2,2,1,1,0,1,3,0,0,2
853,7442,0458a,0306b,0,2,1,1,0,2,2,1,0,2,2,1,0,2,2,2,0,2,2
854,122591,1444a,0492c,0,0,1,1,0,2,3,0,3,2,2,0,1,1,2,1,0,1,2
855,212910,0593b,1155b,0,3,4,1,0,2,2,3,3,2,1,1,1,3,0,1,1,2,1
856,93212,0461a,1171b,0,3,1,1,3,0,2,0,0,2,2,4,1,3,2,1,1,3,2
857,158609,0492a,0507b,0,3,4,1,1,2,2,0,4,2,0,1,1,3,2,1,1,4,2
858,273203,0315b,0489a,0,2,1,0,2,2,1,1,3,2,1,4,2,0,2,3,1,2,2
859,112676,1502b,1495b,0,3,4,1,3,2,2,0,4,2,1,1,1,2,2,1,1,0,2
860,34614,0552a,1255a,0,2,1,1,0,2,2,1,2,1,1,1,1,0,2,2,1,0,1
861,269966,0328a,1271c,0,3,1,0,2,2,3,0,2,2,0,1,2,4,2,2,2,2,2
862,114217,0489c,0340c,0,1,1,1,1,2,2,1,2,1,1,0,1,1,2,1,0,3,2
863,16243,1274a,1460a,0,1,1,1,1,2,2,0,3,2,2,1,1,1,0,2,0,0,2
864,275188,0312b,1259a,0,1,1,0,1,2,2,2,4,2,1,4,0,0,2,3,1,3,2
865,130163,1267a,0348a,0,2,1,1,0,2,2,2,2,1,3,0,1,0,2,1,0,4,2
866,54505,1180a,1352b,0,2,1,1,2,2,2,1,1,2,2,1,1,3,2,2,2,1,2
867,268703,0316a,1501a,0,2,1,2,3,2,3,1,2,2,1,3,1,0,2,3,1,3,2
868,195816,0348a,1501b,0,3,0,1,0,2,1,0,4,2,3,1,1,2,2,1,1,0,1
869,134786,1245c,1423a,0,1,0,1,3,2,2,1,4,2,3,1,1,1,2,2,2,1,1
870,168576,0449c,1533b,0,1,0,1,3,2,3,0,0,2,1,0,1,0,2,3,0,4,2
871,109755,1475a,1319a,0,1,1,0,0,2,2,1,2,2,2,0,1,0,2,2,3,4,2
872,109725,1475a,1533b,0,1,1,0,0,2,2,1,2,2,1,0,1,0,2,3,0,4,2
873,66167,1153a,1461b,0,0,1,1,1,2,2,0,0,2,2,2,1,0,2,1,0,0,2
874,62477,0477a,0587b,0,2,1,1,1,2,1,0,0,2,0,1,1,0,2,1,1,0,1
875,3547,1386a,1360b,0,1,1,1,0,2,2,0,3,2,2,0,1,0,2,2,0,2,2
876,200473,0413a,1538c,0,1,1,1,1,2,3,0,1,1,0,2,1,0,2,1,1,0,2
877,263403,0537b,0368c,0,2,1,0,3,0,2,1,4,2,3,1,0,2,2,3,2,2,2
878,71299,0396c,0334c,0,3,1,1,0,2,2,3,2,2,1,4,1,3,0,2,0,0,2
879,187553,0353b,0331a,0,2,1,1,1,2,1,1,2,1,3,1,0,0,2,2,3,2,2
880,163410,1091b,0448b,0,1,1,1,0,2,2,2,1,1,2,2,1,0,0,2,3,2,1
881,60302,1257b,1371c,0,3,4,1,0,2,2,0,3,2,2,1,1,0,2,3,2,3,2
882,233927,1294a,0898b,0,1,0,1,0,2,1,0,0,1,2,0,1,0,0,3,0,2,2
883,28489,0422a,1431a,0,1,1,1,0,2,1,0,0,2,3,1,1,3,2,1,3,0,2
884,258674,1087a,1440b,0,1,2,1,1,2,1,0,2,1,0,4,0,2,0,2,0,4,1
885,169243,0515a,1538c,0,1,1,1,3,2,2,2,2,1,0,2,1,0,2,1,1,0,2
886,218968,1286a,1323b,0,1,2,1,3,2,1,1,3,2,1,1,0,2,2,1,1,3,2
887,252050,1538c,0525a,0,0,2,1,0,2,1,1,0,2,1,2,1,3,2,1,1,1,1
888,11533,1540b,1137a,0,1,1,1,0,2,2,1,3,2,1,1,1,0,2,1,0,1,2
889,47269,1119a,0354b,0,1,1,1,0,0,2,0,1,2,3,1,1,0,2,3,1,4,2
890,187712,0353b,0386a,0,2,1,1,1,2,1,1,2,1,1,2,1,0,0,2,3,0,2
891,181870,0567b,1449c,0,1,2,1,0,2,2,1,2,1,1,1,1,0,0,3,2,2,1
892,169135,0515a,1408c,0,1,1,1,3,2,2,2,2,1,0,1,1,0,0,2,0,2,1
893,277916,1323b,0448b,0,1,1,0,2,2,1,1,3,2,2,2,1,0,0,2,3,2,1
894,216283,1499b,1294b,0,2,1,1,2,2,2,3,4,2,1,1,1,0,2,0,0,3,2
895,197767,1107c,1323c,0,0,2,1,3,2,2,1,0,2,1,0,1,1,2,2,3,0,1
896,84790,1364c,0474c,0,2,2,1,0,2,2,1,3,2,3,4,1,0,2,2,3,1,2
897,86443,0575c,0337b,0,2,1,1,1,2,3,0,0,2,3,4,1,3,2,2,3,4,2
898,52508,0576c,0381a,0,2,4,1,1,2,2,0,2,2,1,0,1,3,2,2,0,3,2
899,172466,0363b,1406b,0,1,1,1,1,2,1,0,1,1,1,0,0,1,0,2,2,2,2
900,156239,0536b,1430b,0,1,0,1,2,2,2,0,3,2,1,1,1,1,1,2,0,3,2
901,721,0577a,1543b,0,2,1,1,0,2,2,0,1,2,2,1,1,2,2,2,1,0,2
902,126799,1429b,0556a,0,2,1,1,0,0,2,0,1,1,2,1,1,1,0,2,0,4,1
903,37150,1492a,1152b,0,1,1,1,3,2,1,0,0,2,2,1,1,1,2,3,0,3,2
904,31308,1510a,0532b,0,1,1,1,0,2,1,0,3,2,2,1,1,3,0,2,0,1,1
905,283816,1501a,1140a,0,1,3,1,0,2,3,1,3,2,3,4,0,2,2,1,1,3,2
906,221510,1240b,0540a,0,1,1,1,1,0,1,0,3,2,3,3,1,1,2,3,0,3,2
907,125889,1475b,0405a,0,3,1,0,3,2,2,0,3,2,3,0,1,0,2,3,1,2,1
908,84855,1364c,1286b,0,2,2,1,0,2,2,1,3,2,3,4,1,0,2,3,0,4,2
909,36908,1491c,0319b,0,1,1,1,1,2,2,1,0,2,1,1,1,1,2,3,0,2,1
910,105445,0381b,0483b,0,3,1,1,0,2,3,0,4,2,1,1,1,0,0,3,1,2,1
911,60671,1447a,1513b,0,2,1,1,3,2,1,1,0,2,2,0,1,3,2,3,0,2,2
912,131550,0571a,0313c,0,2,4,1,3,2,3,0,1,2,0,1,1,3,2,2,1,1,1
913,240477,1381a,1271c,0,1,4,0,1,2,2,0,1,2,0,1,2,4,2,2,2,2,2
914,125730,1475b,1477a,0,3,1,0,3,2,2,0,3,2,3,0,1,3,2,1,1,0,2
915,187635,0353b,0950a,0,2,1,1,1,2,1,1,2,1,2,1,1,3,0,2,2,2,1
916,268110,1340c,1360c,0,1,0,0,0,2,1,1,2,2,0,1,1,2,1,2,1,1,1
917,137801,0307c,1511b,0,1,1,1,1,2,2,2,3,2,0,1,0,2,2,2,0,2,2
918,254505,0518b,1234c,0,1,1,1,0,0,1,1,2,1,2,1,0,2,2,3,0,2,2
919,244818,0314a,0938b,0,1,1,1,0,2,1,2,1,1,2,1,0,2,2,1,1,2,2
920,259459,0301c,0376b,0,3,1,1,4,0,2,0,1,2,1,2,0,2,0,1,1,1,1
921,228093,0496e,1549c,0,2,1,0,1,2,3,0,2,2,0,2,1,3,2,2,1,4,2
922,203164,0563a,1240b,0,1,1,1,1,0,2,0,2,1,1,1,1,1,0,1,0,3,2
923,96832,1135b,1240c,0,3,1,1,0,2,3,1,1,2,2,1,0,0,2,3,1,1,2
924,23328,1248a,0562c,0,2,1,1,3,2,2,1,4,2,3,0,1,3,2,1,0,2,2
925,91917,0402b,1533c,0,3,4,1,3,2,2,1,2,2,1,2,1,3,2,1,0,1,1
926,162802,0373a,1488b,0,3,0,1,0,0,2,0,2,2,2,2,1,0,0,2,1,1,1
927,126510,1429b,1563a,0,2,1,1,0,0,2,0,1,1,0,1,1,3,2,3,0,0,2
928,97985,1432a,1501b,0,2,4,1,0,2,1,0,1,2,3,1,1,2,2,1,1,0,1
929,235887,1485b,1408b,0,0,1,1,3,2,1,1,2,1,1,1,0,1,0,3,0,2,1
930,87738,0335a,0396b,0,1,1,1,2,2,2,1,0,2,2,1,0,1,2,2,1,3,2
931,132837,1144c,1538c,0,1,1,1,2,2,1,0,0,2,0,2,1,0,2,1,1,0,2
932,23249,1248a,1260c,0,2,1,1,3,2,2,1,4,2,3,2,1,0,2,2,1,1,2
933,158014,1364a,1091b,0,2,1,1,2,0,2,0,3,2,1,1,1,0,2,2,2,1,1
934,120128,1257a,0445b,0,2,1,1,2,2,1,0,3,2,1,1,1,3,2,1,1,1,1
935,276585,1219c,1419b,0,2,4,0,1,2,3,0,1,2,1,1,0,1,0,1,1,0,1
936,177412,1417b,1392a,0,3,4,1,0,2,3,0,3,2,2,4,1,1,0,2,3,2,1
937,136423,1267b,1356b,0,2,2,1,2,2,2,0,1,2,2,4,0,2,2,2,0,4,2
938,59233,0424a,1552a,0,1,2,1,3,2,2,0,1,2,3,0,1,1,2,2,1,1,2
939,204187,1193a,1099c,0,1,4,1,3,2,3,1,1,2,2,4,0,2,2,2,0,3,2
940,18558,1491a,1492b,0,3,1,1,0,2,2,1,3,2,2,2,1,0,2,2,0,0,2
941,80022,0569c,0335a,0,1,1,1,0,2,2,3,3,2,1,1,1,2,2,2,1,0,2
942,290660,0311c,0317b,0,0,0,1,0,0,2,2,1,1,0,4,0,0,0,2,2,3,2
943,191777,1421b,1252c,0,3,1,1,3,2,2,2,2,1,1,2,1,0,2,2,1,1,1
944,197615,1107c,0344c,0,0,2,1,3,2,2,1,0,2,1,1,0,2,2,2,1,0,2
945,206827,1367a,0354a,0,2,0,1,1,2,2,3,2,2,2,1,1,4,2,1,0,4,2
946,92944,1236c,1538c,0,1,1,1,1,2,3,0,1,2,0,2,1,0,2,1,1,0,2
947,166185,1482a,0485b,0,2,4,1,3,2,2,3,1,2,2,1,1,0,1,1,0,2,2
948,237868,0314c,0516b,0,1,1,1,3,2,0,0,0,2,0,1,0,2,2,2,0,1,2
949,279203,0569b,0375b,0,0,0,1,2,2,1,1,1,2,1,3,0,1,0,2,0,2,1
950,40844,0374b,1431c,0,1,4,1,3,2,2,0,1,2,3,1,1,3,2,3,1,4,2
951,111006,0345a,0375a,0,0,1,1,0,0,2,0,2,2,3,0,1,3,2,2,0,4,2
952,210076,1307b,1374a,0,3,4,1,0,2,3,1,1,2,3,2,0,2,2,3,0,4,2
953,236025,1485c,0518b,0,3,4,1,3,2,3,1,3,2,1,1,1,0,0,1,1,2,1
954,96293,1134b,1540c,0,3,4,1,1,2,2,0,2,2,1,2,1,0,2,2,1,0,1
955,27968,0338b,0340a,0,2,1,1,3,2,1,0,3,2,3,0,1,0,2,3,1,2,2
956,278525,0473c,0387a,0,1,1,1,3,2,3,2,4,1,0,1,0,2,0,1,2,2,2
957,117835,0365a,1430b,0,0,2,1,0,2,2,0,1,2,1,1,1,1,1,2,0,3,2
958,5925,0331b,0319c,0,3,1,1,0,2,2,0,0,2,2,0,0,0,2,2,0,2,2
959,223802,0372b,0517c,0,1,1,1,3,1,2,1,2,2,1,1,1,3,0,2,3,2,1
960,277015,0471b,0463a,0,0,0,1,0,1,2,0,2,2,1,1,1,0,0,3,3,4,2
961,149106,0560a,1421a,0,2,4,1,0,0,2,0,3,2,1,0,1,0,2,2,3,3,2
962,24628,1432c,1382a,0,2,2,1,0,2,2,0,2,2,2,0,1,0,2,2,1,3,2
963,268183,1036b,0551a,0,2,2,0,2,2,2,0,0,2,2,1,1,1,2,0,1,3,2
964,221593,1240b,1414c,0,1,1,1,1,0,1,0,3,2,1,0,1,1,3,1,1,2,1
965,75931,1236a,1549c,0,3,0,1,3,2,2,0,3,2,0,2,1,3,2,2,1,4,2
966,226945,0969a,0916a,0,2,2,1,1,2,2,1,2,1,1,1,1,0,0,2,2,1,1
967,217730,1221c,1546a,0,2,1,1,0,2,0,0,3,2,1,1,0,3,2,1,1,2,1
968,191177,1378a,1319c,0,3,4,1,3,2,3,0,0,2,1,0,1,0,2,0,1,4,2
969,271448,0390c,1271c,0,2,0,1,0,1,2,1,3,2,0,1,2,4,2,2,2,2,2
970,245226,1511b,1259b,0,0,1,0,2,2,2,0,2,2,1,0,1,3,2,1,2,2,1
971,125562,1475b,1374b,0,3,1,0,3,2,2,0,3,2,1,1,1,0,2,2,2,2,1
972,248869,1212a,0347a,0,2,1,1,0,0,2,2,2,1,2,4,1,3,0,3,1,4,1
973,119143,0336a,1504c,0,1,2,1,3,2,2,1,3,2,0,1,1,0,2,1,0,2,1
974,14955,1543a,0451c,0,3,1,1,0,2,2,0,4,2,1,0,1,1,2,2,0,2,1
975,274017,1356b,0302c,0,2,4,0,2,2,2,0,4,2,3,1,0,2,2,3,0,3,2
976,278345,0473b,1057b,0,1,4,1,1,0,3,0,3,2,1,0,0,2,0,2,1,0,1
977,353,0359a,1219b,0,2,1,1,0,2,2,0,2,2,2,0,1,0,2,1,0,3,2
978,59341,0424a,1240a,0,1,2,1,3,2,2,0,1,2,1,0,1,3,2,2,3,1,2
979,210710,1373a,1363b,0,3,4,1,3,2,2,2,1,2,0,1,1,1,0,2,0,2,1
980,252111,1538c,0312b,0,0,2,1,0,2,1,1,0,2,1,1,0,1,2,2,2,4,2
981,143868,0381c,1377c,0,1,4,1,3,2,3,0,2,2,2,1,0,2,2,3,0,3,2
982,124167,0411a,1421a,0,3,1,1,0,2,1,1,4,2,1,0,1,0,2,2,3,3,2
983,26702,1528c,1134c,0,0,1,1,3,2,2,0,0,2,2,1,1,0,2,2,3,4,2
984,174464,1171b,0510b,0,2,4,1,3,2,1,1,3,2,0,1,1,3,0,3,3,3,1
985,78873,1424a,1286a,0,3,4,1,0,2,2,1,2,2,1,2,1,3,2,1,1,3,2
986,239204,1423a,0927c,0,3,1,1,1,2,2,2,1,1,2,1,0,2,2,1,0,1,2
987,80844,0472a,0475a,0,3,1,1,3,2,3,0,0,2,0,1,1,2,2,2,1,4,2
988,151597,1374b,1171a,0,1,1,1,0,2,2,2,2,1,1,2,1,3,2,3,0,0,2
989,41877,0579a,1485a,0,1,0,1,3,2,2,0,1,2,3,4,1,0,2,2,2,2,2
990,29879,1382c,1493a,0,2,2,1,0,2,2,0,1,2,2,1,1,0,1,2,0,3,2
991,76718,1416a,1204a,0,1,1,1,3,2,1,0,4,2,0,0,1,0,2,2,1,0,2
992,87497,1498a,0483b,0,0,1,1,1,2,2,1,2,2,1,1,1,0,0,3,1,2,1
993,174824,1201b,0440a,0,2,0,1,0,2,3,0,4,2,2,0,0,2,2,2,0,4,2
994,159407,0555b,1191c,0,1,1,1,0,1,2,0,2,2,3,4,1,3,2,3,3,4,2
995,171880,1237c,0405b,0,2,1,0,2,2,2,0,1,2,1,0,1,4,0,2,0,1,2
996,207060,1367a,1360c,0,2,0,1,1,2,2,3,2,2,0,1,1,2,1,2,1,1,1
997,112996,1502b,0471c,0,3,4,1,3,2,2,0,4,2,0,0,1,3,2,1,1,2,1
998,131735,0571a,1240b,0,2,4,1,3,2,3,0,1,2,1,1,1,1,0,1,0,3,2
999,148186,1329c,1224c,0,0,1,1,0,2,2,3,0,2,1,0,1,1,2,1,1,2,2
1000,80857,0472a,1477b,0,3,1,1,3,2,3,0,0,2,1,1,1,1,0,2,0,1,1
1001,94576,0544a,1441a,0,0,1,1,0,2,2,0,1,1,1,1,1,1,2,2,2,1,2
1002,166247,1482a,0516b,0,2,4,1,3,2,2,3,1,2,0,1,0,2,2,2,0,1,2
1003,7861,0565a,1267a,0,2,1,1,3,2,2,1,1,2,2,1,1,0,2,2,2,2,1
1004,101565,1243a,1096a,0,1,0,1,3,2,2,1,3,2,2,1,1,1,2,3,0,4,2
1005,68727,1521a,0353a,0,2,2,1,0,2,2,1,1,2,2,1,1,3,1,2,0,2,2
1006,259742,0348b,0488c,0,1,1,1,1,0,1,0,2,1,1,4,0,1,2,2,0,4,2
1007,92064,0472c,1219b,0,2,1,1,1,2,2,3,2,2,2,0,1,0,2,1,0,3,2
1008,282496,0350a,1501a,0,3,2,1,0,1,2,1,3,2,1,3,1,0,2,3,1,3,2
1009,134179,1531a,1450a,0,2,0,1,0,2,3,0,3,2,3,1,1,3,2,2,2,1,1
1010,86294,0575c,0496a,0,2,1,1,1,2,3,0,0,2,3,4,1,0,2,3,1,2,2
1011,113283,0375a,1555b,0,3,0,1,3,2,2,0,4,2,2,2,1,1,2,3,0,3,2
1012,196372,0474b,0405b,0,2,1,1,3,2,3,3,3,2,1,0,1,4,0,2,0,1,2
1013,965,0577a,0555c,0,2,1,1,0,2,2,0,1,2,3,0,1,1,2,2,0,4,2
1014,255016,1363b,0304a,0,0,1,1,1,0,2,0,2,1,2,1,1,1,2,0,1,2,2
1015,47126,1119a,1451a,0,1,1,1,0,0,2,0,1,2,1,4,1,3,2,2,0,4,2
1016,78136,1144b,1429c,0,1,2,1,0,2,2,1,2,2,0,0,1,3,2,2,0,0,2
1017,96328,1134b,1408c,0,3,4,1,1,2,2,0,2,2,0,1,1,0,0,2,0,2,1
1018,245397,1501c,1358b,0,0,1,1,0,0,2,1,2,1,3,4,0,1,2,2,0,1,2
1019,189275,1240a,0873b,0,1,0,1,3,2,2,3,1,2,3,0,2,3,0,2,0,3,2
1020,172591,1365b,0445c,0,0,4,1,3,2,2,1,0,2,2,4,1,3,0,2,0,4,2
1021,286272,0571c,0376b,0,1,0,1,1,0,1,0,1,1,1,2,0,2,0,1,1,1,1
1022,54382,1164c,1409b,0,3,1,1,3,2,3,0,2,2,1,1,1,3,2,3,3,1,2
1023,60891,1447a,1508a,0,2,1,1,3,2,1,1,0,2,2,4,1,0,2,2,3,4,2
1024,206714,1367a,0514c,0,2,0,1,1,2,2,3,2,2,3,1,0,2,2,2,0,1,2
1025,261971,0938b,1198b,0,2,1,0,2,2,1,1,2,2,1,0,1,3,2,0,2,2,1
1026,100177,1460a,1493a,0,2,1,1,1,0,2,0,0,2,2,1,1,0,1,2,0,3,2
1027,183993,0551c,0319b,0,3,2,1,0,0,2,0,2,2,1,1,1,1,2,3,0,2,1
1028,127768,0896a,1122a,0,3,1,1,1,2,3,0,3,2,2,1,1,3,0,1,0,2,1
1029,30370,1445a,0373a,0,0,1,1,3,2,2,0,3,2,3,0,1,0,0,2,0,2,2
1030,35516,1307a,1320c,0,1,1,1,3,2,2,0,1,1,2,2,1,0,2,2,0,3,2
1031,54218,1164c,1245c,0,3,1,1,3,2,3,0,2,2,1,0,1,3,2,2,1,4,2
1032,219880,1408c,1259b,0,0,1,1,0,0,2,0,2,1,1,0,1,3,2,1,2,2,1
1033,64786,1531b,0553b,0,2,1,1,3,2,1,1,3,2,2,1,1,0,0,2,1,1,1
1034,244145,1533c,0585c,0,1,2,1,3,2,1,0,1,1,0,1,0,2,2,1,1,0,2
1035,242167,0344c,1210a,0,1,1,0,2,2,2,1,0,2,0,1,1,0,0,2,2,2,1
1036,89177,1152b,1123c,0,2,1,1,1,2,3,0,3,2,3,4,1,3,2,2,1,4,2
1037,76238,1149a,0373b,0,1,1,1,0,2,3,1,1,2,2,1,1,1,2,1,0,0,1
1038,209325,1508a,1208a,0,2,4,1,0,2,2,3,4,2,0,4,1,0,0,2,0,2,2
1039,191346,1421a,0457a,0,1,0,1,0,2,2,3,3,2,2,3,1,3,2,2,0,1,2
1040,3372,1305a,0896a,0,1,1,1,0,2,2,0,0,2,3,1,1,1,2,3,0,3,2
1041,150460,0597b,1443b,0,2,4,1,3,2,3,0,3,2,2,1,1,2,0,2,2,0,1
1042,238367,0587b,1449c,0,0,1,1,0,2,1,1,0,1,1,1,1,0,0,3,2,2,1
1043,61153,0458c,1296c,0,3,0,1,0,2,2,0,3,2,1,1,1,3,0,2,1,0,2
1044,48245,1344a,0389c,0,1,1,1,0,2,3,0,3,2,2,0,1,0,2,2,3,2,2
1045,135936,1255c,1155c,0,2,1,1,0,1,2,0,2,2,1,0,1,0,2,0,0,3,2
1046,286236,0571c,1511c,0,1,0,1,1,0,1,0,1,1,1,1,0,1,0,3,1,0,1
1047,106043,0562a,1441a,0,0,1,1,3,2,2,1,4,2,1,1,1,1,2,2,2,1,2
1048,163834,1123b,1546a,0,0,2,1,0,2,2,1,1,2,1,1,0,3,2,1,1,2,1
1049,133353,1180c,0950b,0,2,4,1,0,2,3,0,3,2,1,0,1,3,0,1,0,3,2
1050,267898,1394b,1348c,0,3,1,0,1,2,1,1,3,2,1,3,1,1,2,2,2,0,1
1051,136312,1267b,0520a,0,2,2,1,2,2,2,0,1,2,2,4,1,0,2,1,3,3,2
1052,76717,1416a,1146c,0,1,1,1,3,2,1,0,4,2,3,0,1,3,2,2,1,4,2
1053,159682,1335b,1567b,0,2,2,1,0,2,2,3,2,2,3,1,0,2,2,2,0,0,2
1054,159400,0555b,0525b,0,1,1,1,0,1,2,0,2,2,2,3,0,0,2,2,0,3,2
1055,40440,1518a,0507b,0,2,2,1,3,2,2,0,1,2,0,1,1,3,2,1,1,4,2
1056,224162,1567c,1222a,0,2,4,1,4,2,2,0,2,2,2,1,0,2,2,1,0,3,2
1057,186316,0313b,0547c,0,2,1,0,2,2,2,0,0,2,1,2,1,3,2,1,2,1,1
1058,46821,0491b,1521c,0,2,1,1,0,2,1,1,0,2,0,1,1,2,2,2,1,0,2
1059,284391,0892c,0549b,0,3,2,0,2,2,2,1,0,2,0,1,0,2,2,3,3,4,2
1060,243675,1416c,0301c,0,1,4,1,3,2,3,1,4,2,3,1,1,4,0,2,0,1,2
1061,274950,1476c,0403a,0,1,2,1,3,0,2,1,1,1,2,0,2,1,0,1,0,1,1
1062,79619,0307b,1441a,0,3,0,1,0,2,2,1,2,2,1,1,1,1,2,2,2,1,2
1063,225205,1408a,1319b,0,3,1,0,3,2,1,0,3,2,2,4,2,3,2,2,2,1,2
1064,125550,1475b,1153c,0,3,1,0,3,2,2,0,3,2,2,1,1,0,1,2,0,1,2
1065,9783,1454b,1554b,0,2,1,1,3,2,2,1,0,2,2,1,1,1,2,2,1,1,1
1066,290434,0343c,0455c,0,1,0,0,2,2,3,1,3,2,3,1,1,3,3,1,3,1,2
1067,2135,1229b,1370a,0,1,1,1,3,2,2,0,2,2,2,1,1,3,0,2,0,1,2
1068,127293,1461b,1485c,0,2,2,1,0,2,1,0,0,2,3,4,1,3,2,3,1,3,2
1069,269086,0535a,1476c,0,2,4,1,1,2,2,2,1,1,1,2,1,3,0,2,1,1,1
1070,255317,1234b,1220b,0,3,0,1,1,2,3,0,4,2,0,1,1,1,2,3,1,2,1
1071,269241,0535a,1198b,0,2,4,1,1,2,2,2,1,1,1,0,1,3,2,0,2,2,1
1072,76825,1416a,0340b,0,1,1,1,3,2,1,0,4,2,1,4,1,1,2,1,0,3,2
1073,73533,0363c,0377a,0,1,1,1,0,2,2,3,0,2,1,4,1,1,2,2,0,1,2
1074,178562,1173c,0507c,0,1,2,1,3,0,2,0,2,2,3,4,1,1,2,1,0,1,2
1075,43321,1370a,0555b,0,2,1,1,3,0,2,0,1,2,1,1,1,0,1,2,0,2,2
1076,27273,1565a,1441b,0,2,4,1,3,2,2,0,1,2,2,0,1,0,0,2,0,2,2
1077,211804,0327c,1057b,0,1,1,1,1,2,1,1,2,1,1,0,0,2,0,2,1,0,1
1078,215926,0514c,1212a,0,3,1,0,2,2,2,0,1,2,2,1,1,0,0,2,2,2,1
1079,204290,1193a,0348c,0,1,4,1,3,2,3,1,1,2,3,1,0,2,2,2,3,3,2
1080,224191,1567c,1488b,0,2,4,1,4,2,2,0,2,2,2,2,1,0,0,2,1,1,1
1081,52232,0539a,0483a,0,2,4,1,3,2,2,1,2,2,2,2,1,3,2,2,0,1,1
1082,55815,0333b,1167a,0,2,1,1,0,2,3,1,1,2,0,2,1,0,2,2,0,4,2
1083,250033,1358b,1319b,0,3,4,0,1,2,2,0,1,2,2,4,2,3,2,2,2,1,2
1084,113545,1451c,1144c,0,0,0,1,0,2,2,0,0,2,1,1,1,2,2,1,0,0,2
1085,174946,1201b,0343c,0,2,0,1,0,2,3,0,4,2,1,0,0,2,2,3,1,3,2
1086,210881,1373a,0385c,0,3,4,1,3,2,2,2,1,2,2,2,1,0,1,2,2,1,2
1087,163221,1091b,0564a,0,1,1,1,0,2,2,2,1,1,2,1,1,0,2,3,3,2,1
1088,44915,1468a,0340a,0,1,1,1,2,2,2,0,0,2,3,0,1,0,2,3,1,2,2
1089,252033,1538c,0324b,0,0,2,1,0,2,1,1,0,2,0,1,1,3,0,2,1,1,1
1090,162647,0373a,0464a,0,3,0,1,0,0,2,0,2,2,1,0,1,3,2,3,1,0,2
1091,178001,0451b,1425c,0,2,1,1,3,0,2,1,2,1,1,4,1,1,2,1,0,1,2
1092,251482,0888c,1394c,0,0,1,1,0,0,2,1,1,1,3,2,1,0,2,2,3,2,1
1093,291931,0376c,0941c,0,2,1,0,0,3,2,2,3,2,1,0,0,4,2,3,1,3,2
1094,214157,0521a,0556a,0,2,1,1,1,2,1,3,0,2,2,1,1,1,0,2,0,4,1
1095,179804,0396b,0327b,0,2,1,0,1,2,2,1,3,2,0,1,1,1,1,2,0,3,2
1096,45982,1488a,1486b,0,1,1,1,0,2,3,0,0,2,2,0,1,0,2,3,1,4,2
1097,75091,1234a,1181a,0,3,4,1,3,2,2,0,3,2,1,0,1,0,2,1,0,2,2
1098,63801,1454a,0451c,0,2,4,1,3,2,2,1,1,2,1,0,1,1,2,2,0,2,1
1099,38233,0434b,0336a,0,1,4,1,0,2,2,0,0,2,1,2,1,3,2,2,1,3,2
1100,10431,1455a,0594a,0,3,1,1,0,2,2,1,2,2,3,2,1,0,2,2,1,4,2
1101,244478,1196a,1309c,0,0,1,1,3,2,2,2,1,1,1,1,0,1,0,1,0,2,1
1102,100346,1460a,0368b,0,2,1,1,1,0,2,0,0,2,3,0,1,3,0,2,1,2,2
1103,85089,1531c,1296c,0,3,1,1,0,2,3,1,2,2,1,1,1,3,0,2,1,0,2
1104,16285,1274a,1468c,0,1,1,1,1,2,2,0,3,2,1,2,1,3,2,2,0,4,2
1105,177898,0321b,0357c,0,3,2,1,3,2,2,1,4,2,0,2,1,1,0,2,0,1,1
1106,277803,1323a,1140b,0,2,0,1,1,2,3,2,3,2,0,0,1,3,0,1,1,2,1
1107,156424,0536b,1272a,0,1,0,1,2,2,2,0,3,2,1,1,1,2,2,1,2,0,1
1108,262826,0517c,0473c,0,1,1,1,3,0,2,3,2,1,1,1,1,3,2,3,2,4,1
1109,248224,0333c,0463b,0,3,2,1,1,2,1,1,1,2,0,0,0,3,2,3,0,3,2
1110,193012,1262a,1496c,0,2,4,1,3,2,3,0,4,2,2,1,1,1,0,2,2,2,1
1111,95058,0592b,1090c,0,1,2,1,1,2,2,0,2,2,0,0,1,3,2,2,0,1,2
1112,223231,0473a,1176a,0,1,2,1,0,0,2,1,1,2,2,0,2,4,2,2,1,3,2
1113,282325,1484c,1103a,0,1,1,1,0,0,1,2,2,1,3,2,0,1,0,1,1,2,1
1114,247355,1450c,1140b,0,3,0,1,1,2,1,1,3,2,0,0,1,3,0,1,1,2,1
1115,212917,0593b,0969b,0,3,4,1,0,2,2,3,3,2,2,0,1,1,2,1,1,2,1
1116,6456,0367a,1431c,0,2,1,1,0,2,2,0,4,2,3,1,1,3,2,3,1,4,2
1117,97262,1227b,1405b,0,3,1,1,3,2,1,0,4,2,1,1,1,0,0,2,1,1,1
1118,126030,1222c,0491a,0,0,1,1,0,2,2,1,2,1,2,1,1,1,2,1,0,2,1
1119,123321,1513b,0344c,0,2,0,1,3,2,3,0,2,2,1,1,0,2,2,2,1,0,2
1120,250050,0457c,0354a,0,0,2,1,0,0,2,0,3,2,2,1,1,4,2,1,0,4,2
1121,194823,0587a,1358c,0,1,1,1,2,2,2,2,0,2,3,4,1,1,2,3,1,1,2
1122,159205,0555b,1549c,0,1,1,1,0,1,2,0,2,2,0,2,1,3,2,2,1,4,2
1123,280974,1259c,0376b,0,0,1,1,0,0,2,2,1,1,1,2,0,2,0,1,1,1,1
1124,168592,0449c,1360a,0,1,0,1,3,2,3,0,0,2,3,1,0,2,2,2,0,2,2
1125,11433,1534b,1521c,0,1,1,1,3,2,2,1,1,2,0,1,1,2,2,2,1,0,2
1126,208595,0445c,0916a,0,2,4,1,3,0,2,0,4,2,1,1,1,0,0,2,2,1,1
1127,118553,1336a,0532c,0,0,1,1,2,2,2,0,0,2,2,2,1,3,2,3,0,2,2
1128,233380,0331a,0489b,0,3,1,0,0,2,2,3,2,2,1,0,1,0,2,3,3,4,2
1129,134952,1245c,1561b,0,1,0,1,3,2,2,1,4,2,0,0,1,0,2,2,2,1,1
1130,160344,0301b,0546b,0,1,1,1,2,2,3,0,0,2,3,1,1,3,1,3,0,1,2
1131,23780,1335a,0338a,0,2,1,1,0,2,3,0,1,2,2,4,1,0,2,3,0,1,2
1132,139740,0491a,1567b,0,2,1,1,1,2,1,0,2,1,3,1,0,2,2,2,0,0,2
1133,125763,1475b,1497c,0,3,1,0,3,2,2,0,3,2,2,0,1,3,2,2,3,4,2
1134,135888,1255c,0581c,0,2,1,1,0,1,2,0,2,2,2,4,2,3,2,2,1,2,2
1135,34800,0552a,0510c,0,2,1,1,0,2,2,1,2,1,3,1,1,1,2,1,1,0,2
1136,26463,1512b,0474b,0,2,0,1,0,2,2,0,0,2,2,1,1,3,2,3,3,3,2
1137,177168,1417b,1485c,0,3,4,1,0,2,3,0,3,2,3,4,1,3,2,3,1,3,2
1138,216748,1496a,0372b,0,2,4,1,1,2,1,0,4,2,1,1,1,3,1,2,1,2,2
1139,280953,1259c,0941c,0,0,1,1,0,0,2,2,1,1,1,0,0,4,2,3,1,3,2
1140,211368,0475a,0439a,0,0,1,1,2,2,2,1,4,2,3,1,2,4,2,2,3,2,2
1141,34348,1565b,0555c,0,2,1,1,3,0,2,0,2,2,3,0,1,1,2,2,0,4,2
1142,205850,0403c,1140c,0,1,0,0,0,2,2,0,3,2,2,4,1,2,2,1,0,1,2
1143,79362,1471b,0355a,0,1,0,1,0,2,2,0,4,2,3,2,1,3,2,3,0,3,2
1144,257985,1432b,0473c,0,3,1,1,0,1,2,1,4,2,1,1,1,3,2,3,2,4,1
1145,121745,1314a,1499b,0,1,1,1,1,2,1,0,4,2,2,1,1,2,2,2,3,4,2
1146,274969,0859a,1504a,0,2,0,1,3,2,0,0,3,2,1,0,1,1,2,1,3,0,2
1147,28772,0472b,0372a,0,2,1,1,0,2,1,1,2,2,1,1,1,3,2,1,0,1,1
1148,8320,1254c,0489c,0,1,1,1,0,2,2,1,1,2,1,1,1,1,2,2,1,2,1
1149,120645,1490b,1173c,0,1,0,1,3,2,1,0,2,2,1,2,1,3,0,2,0,2,2
1150,198262,1405b,0517a,0,1,1,1,0,0,2,1,1,1,3,0,1,0,2,0,1,1,2
1151,78022,1144b,0377a,0,1,2,1,0,2,2,1,2,2,1,4,1,1,2,2,0,1,2
1152,111610,1411a,0536b,0,2,0,1,1,2,2,1,1,2,1,0,1,2,2,2,0,3,2
1153,131099,1563a,0538c,0,0,1,1,3,2,3,0,0,2,2,2,1,0,2,2,2,1,2
1154,85371,1531c,1208b,0,3,1,1,0,2,3,1,2,2,1,0,1,0,2,1,0,1,1
1155,1730,1121a,1255a,0,2,1,1,3,2,2,0,1,2,1,1,1,0,2,2,1,0,1
1156,72011,1366a,1149b,0,3,1,1,0,2,1,1,1,2,2,4,1,3,2,2,1,0,2
1157,168849,0449c,1155a,0,1,0,1,3,2,3,0,0,2,1,1,0,2,2,1,1,0,2
1158,26109,1512b,0458c,0,2,0,1,0,2,2,0,0,2,3,0,1,0,2,2,0,3,2
1159,218940,1286a,0569a,0,1,2,1,3,2,1,1,3,2,1,1,0,2,2,3,0,3,2
1160,261477,1099c,1271b,0,2,4,0,2,2,2,0,3,2,3,4,2,2,0,2,1,3,2
1161,24960,1432c,1325a,0,2,2,1,0,2,2,0,2,2,3,1,1,0,1,2,0,1,2
1162,4257,1391c,0335a,0,2,1,1,0,2,2,1,1,2,1,1,1,2,2,2,1,0,2
1163,189641,1149c,0569a,0,1,1,1,3,2,1,3,3,2,1,1,0,2,2,3,0,3,2
1164,252073,1538c,1164b,0,0,2,1,0,2,1,1,0,2,2,1,1,2,1,2,1,1,2
1165,216725,1499c,1196b,0,2,0,1,3,0,2,1,3,2,0,2,1,0,2,2,1,2,1
1166,36301,1362c,1547c,0,3,0,1,0,2,2,0,2,2,2,0,1,3,2,3,0,0,2
1167,14106,1518c,1344b,0,2,1,1,0,2,1,0,1,2,3,4,1,3,2,2,0,2,2
1168,28429,0422a,0551c,0,1,1,1,0,2,1,0,0,2,3,2,1,0,0,2,0,2,2
1169,160866,0306b,0489b,0,2,1,0,2,2,2,0,2,2,1,0,1,0,2,3,3,4,2
1170,67548,1417c,1531c,0,1,1,1,3,2,2,1,2,1,3,1,1,0,2,3,1,2,2
1171,189416,1149c,1319a,0,1,1,1,3,2,1,3,3,2,2,0,1,0,2,2,3,4,2
1172,40983,0374b,1086b,0,1,4,1,3,2,2,0,1,2,0,1,1,1,2,2,1,0,1
1173,193463,1325a,0316a,0,3,1,1,0,1,2,0,1,2,2,1,2,3,2,3,1,2,2
1174,155513,0461b,1335c,0,2,1,1,0,2,2,2,0,1,2,1,1,3,2,2,2,1,1
1175,118960,1336a,0924a,0,0,1,1,2,2,2,0,0,2,2,2,1,3,1,2,1,2,2
1176,208644,0445c,0546b,0,2,4,1,3,0,2,0,4,2,3,1,1,3,1,3,0,1,2
1177,95085,0592b,1222c,0,1,2,1,1,2,2,0,2,2,0,1,1,0,2,2,1,2,1
1178,132625,1144c,0567b,0,1,1,1,2,2,1,0,0,2,1,2,1,0,2,2,1,2,1
1179,31583,1545a,1394a,0,0,1,1,0,2,2,1,2,2,2,1,1,3,2,2,1,1,1
1180,131254,1563a,0969c,0,0,1,1,3,2,3,0,0,2,3,4,1,3,2,2,2,3,2
1181,255442,1234b,0323c,0,3,0,1,1,2,3,0,4,2,1,0,1,1,0,1,0,0,1
1182,50968,1458a,1208a,0,0,1,1,3,2,2,1,1,2,0,4,1,0,0,2,0,2,2
1183,237530,1217b,0516b,0,1,1,1,1,0,2,1,2,1,0,1,0,2,2,2,0,1,2
1184,55152,1375b,1475a,0,1,4,1,3,2,2,0,3,2,1,1,0,0,2,2,1,2,2
1185,225049,1408a,1487c,0,3,1,0,3,2,1,0,3,2,3,1,1,3,0,1,0,0,1
1186,79369,1471b,1086b,0,1,0,1,0,2,2,0,4,2,0,1,1,1,2,2,1,0,1
1187,142267,0532b,0587b,0,2,1,1,3,0,2,0,1,1,0,1,1,0,2,1,1,0,1
1188,259708,0304a,0387a,0,2,1,1,1,2,0,1,2,2,0,1,0,2,0,1,2,2,2
1189,104029,1448a,1451c,0,2,1,1,0,2,1,0,0,1,0,0,1,0,2,2,0,0,2
1190,18628,1491a,0424c,0,3,1,1,0,2,2,1,3,2,2,1,1,0,2,2,3,3,2
1191,118570,1336a,1329c,0,0,1,1,2,2,2,0,0,2,0,1,1,0,2,2,3,0,2
1192,284033,0448b,0450c,0,2,2,1,0,0,2,3,2,1,1,1,0,0,0,1,0,1,1
1193,191658,1421a,1273c,0,1,0,1,0,2,2,3,3,2,1,1,1,3,1,1,3,1,2
1194,144991,0510c,1319b,0,3,1,1,1,2,1,1,0,2,2,4,2,3,2,2,2,1,2
1195,242929,1402b,0439a,0,1,2,1,3,0,2,1,3,2,3,1,2,4,2,2,3,2,2
1196,115655,1097a,0321b,0,3,2,1,0,2,2,0,4,2,3,2,1,3,2,2,1,4,2
1197,8447,1254c,1123b,0,1,1,1,0,2,2,1,1,2,0,2,1,0,2,2,1,1,2
1198,248432,0570a,1361a,0,2,1,0,3,0,2,1,3,2,1,4,1,0,0,2,3,3,2
1199,1348,1120a,0489c,0,2,1,1,3,2,2,0,2,2,1,1,1,1,2,2,1,2,1
1200,219139,1286a,1125b,0,1,2,1,3,2,1,1,3,2,1,1,2,4,3,2,1,2,1
1201,100260,1460a,0340a,0,2,1,1,1,0,2,0,0,2,3,0,1,0,2,3,1,2,2
1202,255034,1363b,1488b,0,0,1,1,1,0,2,0,2,1,2,2,1,0,0,2,1,1,1
1203,67459,1402a,1485b,0,2,1,1,1,2,1,0,3,2,0,1,1,3,2,1,1,2,1
1204,147868,1552a,0328b,0,3,0,1,1,2,2,1,1,2,0,2,1,1,2,3,0,3,2
1205,289870,0460c,0387a,0,2,4,2,1,2,2,2,1,2,0,1,0,2,0,1,2,2,2
1206,46620,0491b,0349a,0,2,1,1,0,2,1,1,0,2,3,1,1,1,2,1,0,1,2
1207,178714,1173c,0595c,0,1,2,1,3,0,2,0,2,2,3,1,1,3,2,3,3,4,2
1208,13108,1453a,1344a,0,1,1,1,3,2,2,0,4,2,1,1,1,0,2,3,0,3,2
1209,63949,1454a,1197c,0,2,4,1,3,2,2,1,1,2,1,2,1,0,0,2,0,4,2
1210,272160,1181b,0390a,0,2,1,0,2,2,1,1,0,2,0,0,1,0,1,2,1,2,2
1211,74137,1176b,1444a,0,1,4,1,1,2,2,0,2,2,0,1,1,0,2,3,0,3,2
1212,115181,1090c,0322b,0,0,0,1,3,2,2,0,1,2,1,1,1,3,1,2,0,1,2
1213,233008,1273a,0327b,0,1,2,1,0,0,2,1,0,2,0,1,1,1,1,2,0,3,2
1214,189729,1149c,0357c,0,1,1,1,3,2,1,3,3,2,0,2,1,1,0,2,0,1,1
1215,139685,0491a,1373a,0,2,1,1,1,2,1,0,2,1,3,4,1,3,2,2,2,1,2
1216,42394,1320a,0322b,0,1,1,1,3,2,1,0,3,2,1,1,1,3,1,2,0,1,2
1217,178052,0451b,1409b,0,2,1,1,3,0,2,1,2,1,1,1,1,3,2,3,3,1,2
1218,263519,0537c,0551a,0,2,2,1,3,2,2,2,0,1,2,1,1,1,2,0,1,3,2
1219,21286,0571b,1336a,0,0,1,1,0,2,2,0,0,2,0,1,1,2,2,2,0,0,2
1220,187148,0322b,0885c,0,1,1,1,3,1,2,0,1,2,2,1,1,0,1,3,0,0,2
1221,105813,0411b,1208b,0,1,2,1,1,2,2,0,1,2,1,0,1,0,2,1,0,1,1
1222,97357,1227b,1194b,0,3,1,1,3,2,1,0,4,2,2,4,0,1,2,2,0,1,2
1223,246570,0337b,0510b,0,3,4,1,3,2,2,3,4,2,0,1,1,3,0,3,3,3,1
1224,161898,1497a,1191b,0,0,4,1,0,2,2,1,3,2,3,4,0,1,2,1,0,3,2
1225,68529,1521a,0307b,0,2,2,1,0,2,2,1,1,2,3,0,1,0,2,2,1,2,2
1226,271191,1546a,1140a,0,1,1,0,3,2,1,1,2,1,3,4,0,2,2,1,1,3,2
1227,106631,0570c,1146b,0,3,4,1,1,2,2,0,1,2,2,0,1,3,2,1,1,1,2
1228,209990,1307b,0587c,0,3,4,1,0,2,3,1,1,2,1,4,0,3,2,3,1,3,2
1229,10479,1455a,1465a,0,3,1,1,0,2,2,1,2,2,3,4,1,0,2,2,3,2,2
1230,226870,0969a,0927a,0,2,2,1,1,2,2,1,2,1,1,0,1,0,0,2,0,2,1
1231,213575,0457a,1363a,0,2,3,1,3,2,2,0,1,2,0,0,1,1,2,3,2,3,2
1232,3810,1386a,0562a,0,1,1,1,0,2,2,0,3,2,0,1,1,3,2,2,1,4,2
1233,201548,1368b,0315a,0,3,1,1,1,2,2,3,4,2,2,4,0,2,2,3,0,3,2
1234,124365,0411a,0518a,0,3,1,1,0,2,1,1,4,2,2,1,1,0,0,2,2,1,1
1235,255943,0885c,1273c,0,2,1,1,0,1,3,0,0,2,1,1,1,3,1,1,3,1,2
1236,151164,1513a,0457a,0,2,0,1,3,2,3,0,3,2,2,3,1,3,2,2,0,1,2
1237,93217,0461a,1504c,0,3,1,1,3,0,2,0,0,2,0,1,1,0,2,1,0,2,1
1238,117521,0365a,1429b,0,0,2,1,0,2,2,0,1,2,2,1,1,0,0,2,0,1,1
1239,208262,1540c,1259a,0,1,2,1,0,2,2,1,0,1,1,4,0,0,2,3,1,3,2
1240,102572,1219a,0318c,0,3,1,1,1,2,1,0,0,2,3,2,1,3,2,2,0,4,2
1241,253198,1447b,0537b,0,1,4,1,0,2,2,2,1,1,2,1,0,3,0,2,1,4,2
1242,126034,1222c,0338c,0,0,1,1,0,2,2,1,2,1,0,1,1,3,2,2,1,2,1
1243,287858,0540a,0911b,0,3,3,1,1,2,3,0,3,2,1,3,1,1,2,2,2,1,1
1244,233946,1294a,0564a,0,1,0,1,0,2,1,0,0,1,2,1,1,0,2,3,3,2,1
1245,243929,1416c,0555a,0,1,4,1,3,2,3,1,4,2,1,4,0,2,0,2,3,4,1
1246,277919,1323b,1039a,0,1,1,0,2,2,1,1,3,2,3,1,0,0,0,3,1,0,2
1247,254502,0518b,0521b,0,1,1,1,0,0,1,1,2,1,1,1,1,0,1,1,0,0,2
1248,224557,1208a,1253b,0,0,4,1,0,0,2,0,2,2,0,1,1,1,2,1,1,1,1
1249,169350,0515a,1219c,0,1,1,1,3,2,2,2,2,1,2,4,0,1,2,3,0,1,2
1250,165367,1431c,1323c,0,3,1,1,3,2,3,1,4,2,1,0,1,1,2,2,3,0,1
1251,91668,0402b,0461b,0,3,4,1,3,2,2,1,2,2,2,1,1,0,2,2,2,0,1
1252,287227,1319c,1374a,0,1,0,1,0,2,0,1,4,2,3,2,0,2,2,3,0,4,2
1253,22802,1230a,1461b,0,0,1,1,0,2,2,0,3,2,2,2,1,0,2,1,0,0,2
1254,194564,0440c,0469c,0,3,4,1,0,2,1,0,4,2,2,0,1,1,0,2,3,0,1
1255,142774,1398c,0927b,0,2,1,1,0,2,2,2,1,1,1,4,1,1,2,3,1,1,2
1256,174344,1171b,1323b,0,2,4,1,3,2,1,1,3,2,1,1,0,2,2,1,1,3,2
1257,235618,1485b,1409a,0,0,1,1,3,2,1,1,2,1,3,4,1,3,0,2,0,4,2
1258,13780,1482b,1260c,0,1,1,1,3,2,2,1,0,2,3,2,1,0,2,2,1,1,2
1259,247605,0520a,1449c,0,2,4,1,0,2,1,3,3,2,1,1,1,0,0,3,2,2,1
1260,240139,0547a,1312a,0,2,2,0,1,2,2,0,1,2,1,2,0,2,0,2,1,2,1
1261,196578,1252c,0403c,0,1,2,1,0,2,2,1,1,1,1,0,0,0,2,2,0,3,2
1262,18171,1490c,1255b,0,0,1,1,3,2,2,0,2,2,1,1,1,1,2,2,1,4,2
1263,239804,1507b,1098a,0,1,0,1,1,2,2,3,0,2,0,1,0,1,0,1,1,1,1
1264,200237,0340a,1271c,0,3,0,1,0,2,3,1,2,2,0,1,2,4,2,2,2,2,2
1265,190287,1171a,1123a,0,1,2,1,3,2,3,0,0,2,2,1,2,1,0,1,1,2,1
1266,221521,1240b,1271a,0,1,1,1,1,0,1,0,3,2,1,1,1,2,0,1,1,4,1
1267,24971,1432c,1391a,0,2,2,1,0,2,2,0,2,2,3,4,1,3,2,3,0,3,2
1268,189769,1149c,1140b,0,1,1,1,3,2,1,3,3,2,0,0,1,3,0,1,1,2,1
1269,21878,0600a,0536b,0,2,1,1,0,2,1,0,3,2,1,0,1,2,2,2,0,3,2
1270,95211,0592b,1426c,0,1,2,1,1,2,2,0,2,2,1,0,1,0,2,3,1,2,2
1271,6120,0367a,1426b,0,2,1,1,0,2,2,0,4,2,2,1,1,0,2,1,0,4,2
1272,71837,0550a,0340a,0,3,4,1,3,2,2,0,0,2,3,0,1,0,2,3,1,2,2
1273,212080,1178a,1323a,0,3,4,1,3,0,2,0,3,2,2,0,1,1,2,3,2,3,2
1274,57029,1352b,1521a,0,2,1,1,3,2,2,2,1,2,2,2,1,0,2,2,1,1,2
1275,193575,1325a,0585c,0,3,1,1,0,1,2,0,1,2,0,1,0,2,2,1,1,0,2
1276,110718,0316b,1391a,0,2,1,1,3,2,2,2,4,2,3,4,1,3,2,3,0,3,2
1277,92175,0472c,0492a,0,2,1,1,1,2,2,3,2,2,3,4,1,1,2,2,0,4,2
1278,279946,1532a,1309c,0,0,2,1,0,2,1,1,1,1,1,1,0,1,0,1,0,2,1
1279,223995,0372b,0510b,0,1,1,1,3,1,2,1,2,2,0,1,1,3,0,3,3,3,1
1280,79070,1471b,1448c,0,1,0,1,0,2,2,0,4,2,3,4,1,3,2,2,1,1,2
1281,9788,1454b,0570c,0,2,1,1,3,2,2,1,0,2,3,4,1,1,2,2,0,1,2
1282,231880,1508c,0304a,0,1,4,1,1,0,2,0,0,2,2,1,1,1,2,0,1,2,2
1283,90478,1329b,1155b,0,1,1,1,3,2,2,3,0,2,1,1,1,3,0,1,1,2,1
1284,194745,0587a,0969a,0,1,1,1,2,2,2,2,0,2,2,2,1,1,2,2,1,2,1
1285,160840,0306b,0551a,0,2,1,0,2,2,2,0,2,2,2,1,1,1,2,0,1,3,2
1286,239826,1507b,0323b,0,1,0,1,1,2,2,3,0,2,3,0,0,1,0,3,1,1,1
1287,28805,0472b,0389c,0,2,1,1,0,2,1,1,2,2,2,0,1,0,2,2,3,2,2
1288,97709,1432a,0321b,0,2,4,1,0,2,1,0,1,2,3,2,1,3,2,2,1,4,2
1289,266469,1220b,0323c,0,0,1,1,1,2,3,1,2,1,1,0,1,1,0,1,0,0,1
1290,41636,0579a,0335b,0,1,0,1,3,2,2,0,1,2,3,4,1,0,2,2,1,1,2
1291,108099,1260a,1552c,0,0,1,1,1,2,2,0,4,2,3,1,1,1,2,1,1,3,2
1292,184221,0551c,0301c,0,3,2,1,0,0,2,0,2,2,3,1,1,4,0,2,0,1,2
1293,157078,1146a,1240a,0,0,4,1,0,2,2,1,0,2,1,0,1,3,2,2,3,1,2
1294,153298,0319a,1234b,0,2,4,1,0,2,3,1,2,2,3,0,1,1,2,3,0,4,2
1295,172662,1365b,1303b,0,0,4,1,3,2,2,1,0,2,3,1,0,2,2,2,0,3,2
1296,63428,1442a,1208b,0,3,2,1,0,2,2,0,1,2,1,0,1,0,2,1,0,1,1
1297,263274,0537b,1429a,0,2,1,0,3,0,2,1,4,2,1,2,1,2,2,2,1,0,1
1298,181141,1465a,1303b,0,3,4,1,0,2,2,3,2,2,3,1,0,2,2,2,0,3,2
1299,165842,1520c,0924b,0,2,1,1,3,1,2,0,1,2,1,0,1,3,0,2,1,0,1
1300,35869,1307a,0538c,0,1,1,1,3,2,2,0,1,1,2,2,1,0,2,2,2,1,2
1301,223551,1486b,0564c,0,2,0,1,0,2,3,1,4,2,0,1,1,1,1,1,0,3,2
1302,163992,1123b,0911b,0,0,2,1,0,2,2,1,1,2,1,3,1,1,2,2,2,1,1
1303,77295,0491c,1149c,0,2,2,1,0,2,2,0,4,2,1,1,1,3,2,1,3,3,2
1304,207708,1426a,0518b,0,2,0,1,1,2,2,1,2,1,1,1,1,0,0,1,1,2,1
1305,159872,1335b,0302a,0,2,2,1,0,2,2,3,2,2,2,0,1,1,0,2,1,1,1
1306,287707,0489a,0540a,0,1,4,2,0,2,3,1,2,2,3,3,1,1,2,3,0,3,2
1307,246192,1506a,1443b,0,2,1,0,3,0,2,1,0,2,2,1,1,2,0,2,2,0,1
1308,160061,0301b,1352a,0,1,1,1,2,2,3,0,0,2,2,2,1,1,2,2,1,4,2
1309,29401,1227a,1201b,0,1,1,1,3,2,1,0,1,2,2,0,1,0,2,3,0,4,2
1310,239226,1423a,0518c,0,3,1,1,1,2,2,2,1,1,3,4,1,1,2,3,0,4,2
1311,185605,1352a,1549c,0,2,2,1,1,2,2,1,4,2,0,2,1,3,2,2,1,4,2
1312,223623,1486b,0387b,0,2,0,1,0,2,3,1,4,2,2,2,0,1,0,1,0,2,1
1313,291317,0455c,1414b,0,3,1,1,3,3,1,3,1,2,0,4,0,0,0,1,1,1,1
1314,246061,1506a,0405a,0,2,1,0,3,0,2,1,0,2,3,0,1,0,2,3,1,2,1
1315,194254,0440c,1286b,0,3,4,1,0,2,1,0,4,2,3,4,1,0,2,3,0,4,2
1316,70375,0355c,1178a,0,1,1,1,1,2,1,0,1,2,3,4,1,3,0,2,0,3,2
1317,150509,1230b,1551a,0,1,1,0,3,2,2,1,3,2,0,1,1,0,2,2,3,3,2
1318,229523,0522b,0594c,0,2,1,0,2,2,2,0,4,2,0,4,2,4,2,2,0,3,2
1319,121126,0301a,1440c,0,1,0,1,0,2,2,1,4,2,2,4,1,1,2,3,0,2,2
1320,84642,1364c,1165b,0,2,2,1,0,2,2,1,3,2,0,1,1,2,2,2,1,2,2
1321,12819,1309a,1314a,0,0,1,1,0,2,2,0,2,2,1,1,1,1,2,1,0,4,2
1322,237801,1217b,0387a,0,1,1,1,1,0,2,1,2,1,0,1,0,2,0,1,2,2,2
1323,52864,0576c,1378a,0,2,4,1,1,2,2,0,2,2,3,4,1,3,2,3,0,0,2
1324,185715,1352a,1394c,0,2,2,1,1,2,2,1,4,2,3,2,1,0,2,2,3,2,1
1325,183256,0334c,1483c,0,1,4,1,3,0,2,0,0,2,1,1,1,1,0,1,0,1,1
1326,3339,1305a,1219b,0,1,1,1,0,2,2,0,0,2,2,0,1,0,2,1,0,3,2
1327,20199,0503a,1494b,0,2,1,1,0,2,3,0,2,2,2,1,1,0,2,1,1,4,2
1328,202953,1546b,1533a,0,3,1,1,0,0,3,0,3,2,3,3,0,3,2,2,0,3,2
1329,85043,1531c,1243a,0,3,1,1,0,2,3,1,2,2,1,0,1,3,2,2,1,3,2
1330,92292,0472c,1450a,0,2,1,1,1,2,2,3,2,2,3,1,1,3,2,2,2,1,1
1331,36613,1491c,1236a,0,1,1,1,1,2,2,1,0,2,3,0,1,3,2,2,0,3,2
1332,270035,1143c,0473b,0,1,1,1,0,1,2,3,1,2,1,4,1,1,0,3,0,3,2
1333,2375,1229b,1461b,0,1,1,1,3,2,2,0,2,2,2,2,1,0,2,1,0,0,2
1334,14608,1543a,1489c,0,3,1,1,0,2,2,0,4,2,2,4,1,0,2,2,1,1,2
1335,114232,0489c,0923c,0,1,1,1,1,2,2,1,2,1,1,1,1,2,2,3,0,4,2
1336,73493,0307a,0354a,0,2,0,1,3,2,2,0,4,2,2,1,1,4,2,1,0,4,2
1337,69520,0597c,1134a,0,1,4,1,0,2,2,1,1,2,2,0,1,3,2,2,1,0,2
1338,276905,0302c,1309c,0,3,1,0,2,2,3,0,3,2,1,1,0,1,0,1,0,2,1
1339,170142,0445a,1208a,0,2,2,1,0,0,2,0,3,2,0,4,1,0,0,2,0,2,2
1340,35753,1307a,1096a,0,1,1,1,3,2,2,0,1,1,2,1,1,1,2,3,0,4,2
1341,261176,0405a,1140a,0,3,0,1,0,2,3,1,2,1,3,4,0,2,2,1,1,3,2
1342,5751,0331b,1498b,0,3,1,1,0,2,2,0,0,2,2,1,1,1,0,2,0,1,2
1343,54086,1164c,0575c,0,3,1,1,3,2,3,0,2,2,2,1,1,1,2,3,0,0,2
1344,87980,0335a,1432b,0,1,1,1,2,2,2,1,0,2,3,1,1,0,1,2,1,4,2
1345,80149,0569c,1245c,0,1,1,1,0,2,2,3,3,2,1,0,1,3,2,2,1,4,2
1346,51018,0414a,1393b,0,3,2,1,0,2,2,0,2,2,2,1,1,3,0,2,0,3,2
1347,149802,0334b,0518a,0,2,0,1,0,2,2,3,1,2,2,1,1,0,0,2,2,1,1
1348,254414,0518a,0383a,0,2,1,1,0,0,2,2,1,1,0,1,0,2,2,1,1,4,2
1349,133994,1442b,0547c,0,2,2,1,3,2,2,1,4,2,1,2,1,3,2,1,2,1,1
1350,262119,0525a,1501a,0,1,2,1,3,2,1,1,1,1,1,3,1,0,2,3,1,3,2
1351,45759,1488a,1391b,0,1,1,1,0,2,3,0,0,2,3,4,1,0,2,2,1,4,2
1352,180534,1328a,0587a,0,3,1,1,2,2,3,0,0,2,1,1,1,2,2,2,2,0,2
1353,112572,1502b,0429b,0,3,4,1,3,2,2,0,4,2,1,1,1,3,2,3,1,4,2
1354,159548,1335b,1328b,0,2,2,1,0,2,2,3,2,2,1,2,1,0,2,2,3,2,2
1355,148680,1039c,1499c,0,2,4,1,0,2,2,3,1,2,2,0,1,3,0,2,1,3,2
1356,3685,1386a,1257c,0,1,1,1,0,2,2,0,3,2,0,1,1,3,2,2,0,4,2
1357,115469,1090c,0924a,0,0,0,1,3,2,2,0,1,2,2,2,1,3,1,2,1,2,2
1358,148207,1329c,1408a,0,0,1,1,0,2,2,3,0,2,3,1,0,3,2,1,0,3,2
1359,137794,0307c,1353b,0,1,1,1,1,2,2,2,3,2,2,1,0,2,2,1,0,2,2
1360,65217,0536a,1552a,0,2,1,1,0,2,3,0,4,2,3,0,1,1,2,2,1,1,2
1361,25874,1487a,0555b,0,2,1,1,3,2,3,0,2,2,1,1,1,0,1,2,0,2,2
1362,195124,1221a,1391a,0,3,4,1,0,2,2,2,1,2,3,4,1,3,2,3,0,3,2
1363,262297,0506b,0546b,0,2,2,1,2,2,2,1,0,1,3,1,1,3,1,3,0,1,2
1364,70071,0355c,1134b,0,1,1,1,1,2,1,0,1,2,3,4,1,1,2,2,0,2,2
1365,270775,1429a,0457b,0,1,2,1,2,2,2,1,0,1,1,4,0,1,0,2,0,1,1
1366,200820,1480c,1240b,0,0,0,1,1,2,2,1,2,2,1,1,1,1,0,1,0,3,2
1367,61611,1284b,1375a,0,1,1,1,3,0,2,0,1,2,1,0,1,1,2,2,0,3,2
1368,143821,0381c,0518a,0,1,4,1,3,2,3,0,2,2,2,1,1,0,0,2,2,1,1
1369,131004,1563a,1442b,0,0,1,1,3,2,3,0,0,2,2,2,1,3,2,2,1,4,2
1370,61217,0458c,0510c,0,3,0,1,0,2,2,0,3,2,3,1,1,1,2,1,1,0,2
1371,20445,0503a,1328a,0,2,1,1,0,2,3,0,2,2,3,1,1,2,2,3,0,0,2
1372,249633,1358a,1429a,0,2,1,1,1,1,2,0,4,2,1,2,1,2,2,2,1,0,1
1373,95341,0592b,1486b,0,1,2,1,1,2,2,0,2,2,2,0,1,0,2,3,1,4,2
1374,180614,1328a,0412b,0,3,1,1,2,2,3,0,0,2,3,4,1,3,2,2,3,0,2
1375,223980,0372b,0311c,0,1,1,1,3,1,2,1,2,2,0,0,1,0,0,2,2,1,1
1376,163400,1091b,0405b,0,1,1,1,0,2,2,2,1,1,1,0,1,4,0,2,0,1,2
1377,171620,1237c,1221c,0,2,1,0,2,2,2,0,1,2,2,1,1,0,2,0,0,3,2
1378,14082,1518c,0579a,0,2,1,1,0,2,1,0,1,2,1,0,1,3,2,2,0,1,2
1379,124807,1096a,0587b,0,2,1,1,1,2,3,0,4,2,0,1,1,0,2,1,1,0,1
1380,100561,1231a,1441b,0,1,2,1,0,2,2,1,0,2,2,0,1,0,0,2,0,2,2
1381,229037,0368b,1484c,0,3,0,1,3,0,2,1,2,2,1,1,1,0,0,1,2,2,1
1382,188983,1240a,0353c,0,1,0,1,3,2,2,3,1,2,1,2,1,1,2,3,0,1,2
1383,219552,0464a,0469b,0,1,0,1,3,2,3,1,0,2,3,2,1,2,0,2,1,1,1
1384,148392,1329c,0386a,0,0,1,1,0,2,2,3,0,2,1,2,1,0,0,2,3,0,2
1385,209891,1307b,0537b,0,3,4,1,0,2,3,1,1,2,2,1,0,3,0,2,1,4,2
1386,56846,0411c,0318b,0,2,1,1,3,2,1,0,4,2,1,2,1,0,0,2,0,0,2
1387,119000,0336a,0338a,0,1,2,1,3,2,2,1,3,2,2,4,1,0,2,3,0,1,2
1388,191252,1378a,0549c,0,3,4,1,3,2,3,0,0,2,3,1,1,3,3,3,3,4,2
1389,191206,1378a,1064c,0,3,4,1,3,2,3,0,0,2,1,4,1,1,0,2,2,1,1
1390,140842,1391b,1432b,0,3,4,1,0,2,2,1,4,2,3,1,1,0,1,2,1,4,2
1391,164189,1521c,0485b,0,0,1,1,2,2,2,1,0,2,2,1,1,0,1,1,0,2,2
1392,56116,0381a,0557c,0,1,0,1,3,2,2,0,3,2,1,1,1,0,2,1,0,2,1
1393,148455,1329c,1368c,0,0,1,1,0,2,2,3,0,2,2,1,1,3,0,1,2,0,1
1394,109154,1343a,0538c,0,2,0,1,0,2,1,0,0,2,2,2,1,0,2,2,2,1,2
1395,89767,1229c,1262a,0,2,1,0,0,2,2,1,2,2,2,4,1,3,2,3,0,4,2
1396,147015,1153b,0319a,0,0,4,1,3,2,2,1,2,2,2,4,1,0,2,3,1,2,2
1397,122631,1444a,1371c,0,0,1,1,0,2,3,0,3,2,2,1,1,0,2,3,2,3,2
1398,154127,1201a,1546c,0,0,1,1,0,2,2,2,3,2,3,0,1,0,2,1,1,3,2
1399,185900,1352a,1406c,0,2,2,1,1,2,2,1,4,2,1,0,1,4,0,2,3,2,2
1400,152821,0313c,0969b,0,0,1,1,3,2,2,1,1,1,2,0,1,1,2,1,1,2,1
1401,171420,1450b,0489a,0,2,2,1,3,2,3,0,3,2,1,4,2,0,2,3,1,2,2
1402,270745,1429a,1392a,0,1,2,1,2,2,2,1,0,1,2,4,1,1,0,2,3,2,1
1403,87697,0335a,1497b,0,1,1,1,2,2,2,1,0,2,2,1,1,0,0,2,1,2,1
1404,264820,0355b,0564b,0,1,4,1,0,0,2,1,1,1,2,2,1,2,0,2,1,1,1
1405,103879,1375a,1430c,0,1,0,1,1,2,2,0,3,2,0,0,1,3,2,3,0,3,2
1406,200050,0340a,0324c,0,3,0,1,0,2,3,1,2,2,1,1,0,4,2,2,0,3,2
1407,251996,1124c,1103a,0,3,1,1,0,2,0,1,2,2,3,2,0,1,0,1,1,2,1
1408,156118,0536b,0507b,0,1,0,1,2,2,2,0,3,2,0,1,1,3,2,1,1,4,2
1409,120014,1257a,1429b,0,2,1,1,2,2,1,0,3,2,2,1,1,0,0,2,0,1,1
1410,66730,1382a,0319c,0,2,0,1,0,2,2,1,3,2,2,0,0,0,2,2,0,2,2
1411,119848,0338a,0546c,0,2,4,1,0,2,3,0,1,2,2,0,1,3,2,1,3,1,2
1412,52634,0576c,1219a,0,2,4,1,1,2,2,0,2,2,3,1,1,1,2,1,0,0,2
1413,211282,0475a,1449c,0,0,1,1,2,2,2,1,4,2,1,1,1,0,0,3,2,2,1
1414,96345,1134b,1497c,0,3,4,1,1,2,2,0,2,2,2,0,1,3,2,2,3,4,2
1415,80095,0569c,1468c,0,1,1,1,0,2,2,3,3,2,1,2,1,3,2,2,0,4,2
1416,99544,0557c,0375a,0,1,1,1,0,2,1,0,2,1,3,0,1,3,2,2,0,4,2
1417,19860,0451a,1153c,0,2,1,1,0,2,1,0,0,2,2,1,1,0,1,2,0,1,2
1418,160082,0301b,0440c,0,1,1,1,2,2,3,0,0,2,3,4,1,0,2,1,0,4,2
1419,98506,1303c,1231c,0,3,4,1,0,2,2,0,4,2,1,4,1,3,2,2,1,3,2
1420,106482,0562a,0324c,0,0,1,1,3,2,2,1,4,2,1,1,0,4,2,2,0,3,2
1421,82514,1129a,0335b,0,3,1,1,0,2,2,3,1,2,3,4,1,0,2,2,1,1,2
1422,109008,1343a,1468c,0,2,0,1,0,2,1,0,0,2,1,2,1,3,2,2,0,4,2
1423,139077,0483a,1365a,0,2,2,1,3,2,2,0,1,1,3,4,1,3,2,1,0,3,2
1424,37763,0366a,1563a,0,2,4,1,3,2,2,0,3,2,0,1,1,3,2,3,0,0,2
1425,16364,1274a,1547c,0,1,1,1,1,2,2,0,3,2,2,0,1,3,2,3,0,0,2
1426,185755,1352a,0315b,0,2,2,1,1,2,2,1,4,2,2,1,0,2,2,1,1,3,2
1427,264397,0440b,1350c,0,2,1,1,2,0,2,1,0,1,1,4,1,3,0,1,2,1,1
1428,87533,0335a,1236b,0,1,1,1,2,2,2,1,0,2,3,4,1,0,2,2,1,0,2
1429,130501,1534a,0571a,0,2,1,1,1,2,3,1,3,2,2,4,1,3,2,3,0,1,2
1430,245178,1511b,1181b,0,0,1,0,2,2,2,0,2,2,2,1,0,2,2,1,1,0,2
1431,2184,1229b,1393a,0,1,1,1,3,2,2,0,2,2,2,4,1,0,2,2,0,4,2
1432,134625,1245c,0334c,0,1,0,1,3,2,2,1,4,2,1,4,1,3,0,2,0,0,2
1433,282973,1272a,0383a,0,1,1,1,2,2,1,2,0,1,0,1,0,2,2,1,1,4,2
1434,7858,0565a,0365b,0,2,1,1,3,2,2,1,1,2,2,1,1,3,0,2,0,2,1
1435,44808,1468a,1146c,0,1,1,1,2,2,2,0,0,2,3,0,1,3,2,2,1,4,2
1436,139741,0491a,0368b,0,2,1,1,1,2,1,0,2,1,3,0,1,3,0,2,1,2,2
1437,2091,1229b,0422b,0,1,1,1,3,2,2,0,2,2,2,4,1,0,2,2,0,3,2
1438,91409,1451a,1430c,0,1,4,1,3,2,2,0,4,2,0,0,1,3,2,3,0,3,2
1439,234050,1294a,0535a,0,1,0,1,0,2,1,0,0,1,2,4,1,1,2,2,2,1,1
1440,125940,1475b,0327b,0,3,1,0,3,2,2,0,3,2,0,1,1,1,1,2,0,3,2
1441,263402,0537b,0370a,0,2,1,0,3,0,2,1,4,2,3,0,1,0,1,3,1,1,2
1442,158106,1364a,0340c,0,2,1,1,2,0,2,0,3,2,1,0,1,1,2,1,0,3,2
1443,37637,0366a,1531c,0,2,4,1,3,2,2,0,3,2,3,1,1,0,2,3,1,2,2
1444,71851,0550a,1193a,0,3,4,1,3,2,2,0,0,2,1,4,1,3,2,3,1,1,2
1445,9809,1454b,1502b,0,2,1,1,3,2,2,1,0,2,3,4,1,3,2,2,0,4,2
1446,107766,1181a,1373a,0,1,0,1,0,2,1,0,2,2,3,4,1,3,2,2,2,1,2
1447,146321,0337a,0950b,0,2,1,1,3,2,2,3,2,1,1,0,1,3,0,1,0,3,2
1448,154940,1551a,1449c,0,0,1,1,0,2,2,3,3,2,1,1,1,0,0,3,2,2,1
1449,231517,1303a,1152c,0,3,4,1,0,0,2,0,4,2,0,0,1,1,2,1,1,1,1
1450,59382,0424a,1450a,0,1,2,1,3,2,2,0,1,2,3,1,1,3,2,2,2,1,1
1451,40388,1518a,1253a,0,2,2,1,3,2,2,0,1,2,3,0,1,0,2,2,3,2,2
1452,56095,0381a,1330b,0,1,0,1,3,2,2,0,3,2,2,2,1,3,2,2,0,4,2
1453,259926,0348b,1360c,0,1,1,1,1,0,1,0,2,1,0,1,1,2,1,2,1,1,1
1454,49966,0306a,0412b,0,3,1,1,2,2,2,0,1,2,3,4,1,3,2,2,3,0,2
1455,96623,1135b,0510c,0,3,1,1,0,2,3,1,1,2,3,1,1,1,2,1,1,0,2
1456,245825,1504b,0471b,0,3,1,1,3,1,2,0,4,2,0,0,1,0,1,2,0,2,2
1457,278740,1561b,0357a,0,0,0,1,0,2,2,2,1,1,3,4,1,1,2,3,2,3,2
1458,199948,0340a,0314a,0,3,0,1,0,2,3,1,2,2,1,1,1,0,2,1,2,1,1
1459,26473,1512b,0340a,0,2,0,1,0,2,2,0,0,2,3,0,1,0,2,3,1,2,2
1460,287939,0540c,0343c,0,2,1,0,4,0,2,0,3,2,1,0,0,2,2,3,1,3,2
1461,279103,0569b,0315a,0,0,0,1,2,2,1,1,1,2,2,4,0,2,2,3,0,3,2
1462,278312,0473b,1197b,0,1,4,1,1,0,3,0,3,2,0,0,1,4,2,3,0,4,2
1463,67071,1402a,0461a,0,2,1,1,1,2,1,0,3,2,3,1,1,3,0,2,0,0,2
1464,44618,1468a,0377a,0,1,1,1,2,2,2,0,0,2,1,4,1,1,2,2,0,1,2
1465,286291,0866c,0323c,0,3,0,1,0,0,2,2,2,1,1,0,1,1,0,1,0,0,1
1466,18681,1491a,0307b,0,3,1,1,0,2,2,1,3,2,3,0,1,0,2,2,1,2,2
1467,115659,1097a,1425c,0,3,2,1,0,2,2,0,4,2,1,4,1,1,2,1,0,1,2
1468,185186,1538a,0521b,0,1,1,1,3,2,3,1,2,1,1,1,1,0,1,1,0,0,2
1469,66350,1153a,0340b,0,0,1,1,1,2,2,0,0,2,1,4,1,1,2,1,0,3,2
1470,190747,1350a,0455c,0,3,1,1,0,2,3,1,2,1,3,1,1,3,3,1,3,1,2
1471,204867,1360a,0323b,0,3,1,0,2,2,2,0,2,2,3,0,0,1,0,3,1,1,1
1472,290816,1308c,0387a,0,0,1,2,4,2,2,0,3,2,0,1,0,2,0,1,2,2,2
1473,34209,1565b,0577b,0,2,1,1,3,0,2,0,2,2,2,1,0,3,2,2,1,2,2
1474,59716,0496c,0532b,0,3,4,1,3,2,2,0,1,2,2,1,1,3,0,2,0,1,1
1475,120099,1257a,0555b,0,2,1,1,2,2,1,0,3,2,1,1,1,0,1,2,0,2,2
1476,202011,0897c,0540a,0,2,4,1,3,2,3,1,3,2,3,3,1,1,2,3,0,3,2
1477,145753,1547a,0898b,0,2,4,1,1,2,1,0,2,2,2,0,1,0,0,3,0,2,2
1478,21000,0571b,0600a,0,0,1,1,0,2,2,0,0,2,2,1,1,0,2,1,0,3,2
1479,145933,1547a,0421a,0,2,4,1,1,2,1,0,2,2,3,2,1,3,2,3,3,3,2
1480,104465,1448a,1483c,0,2,1,1,0,2,1,0,0,1,1,1,1,1,0,1,0,1,1
1481,86855,1494a,1513c,0,1,0,1,1,2,2,0,1,2,1,1,1,0,1,2,1,1,2
1482,122392,1441a,1253b,0,1,1,1,1,2,2,2,1,2,0,1,1,1,2,1,1,1,1
1483,189947,1171a,0351a,0,1,2,1,3,2,3,0,0,2,1,2,0,0,2,2,0,3,2
1484,117366,1365c,0457c,0,2,2,1,1,2,2,1,2,2,0,2,1,0,0,2,0,3,2
1485,81550,1433a,1231c,0,2,2,1,0,2,2,1,0,2,1,4,1,3,2,2,1,3,2
1486,72092,1366a,1554b,0,3,1,1,0,2,1,1,1,2,2,1,1,1,2,2,1,1,1
1487,282910,0357a,0434a,0,3,4,1,1,2,3,2,3,2,3,0,0,2,0,3,3,0,2
1488,66084,1153a,1432a,0,0,1,1,1,2,2,0,0,2,2,4,1,0,2,1,0,1,2
1489,111805,1411a,0496e,0,2,0,1,1,2,2,1,1,2,2,1,0,1,2,3,0,2,2
1490,76477,1149a,0570a,0,1,1,1,0,2,3,1,1,2,2,1,0,3,0,2,1,3,2
1491,98441,0537a,0518b,0,3,1,1,3,2,2,2,1,2,1,1,1,0,0,1,1,2,1
1492,253438,1447b,0380b,0,1,4,1,0,2,2,2,1,1,1,3,2,3,3,2,0,2,2
1493,23787,1335a,1441c,0,2,1,1,0,2,3,0,1,2,1,1,1,1,2,2,1,1,1
1494,161979,1497a,1557a,0,0,4,1,0,2,2,1,3,2,2,1,2,3,3,2,0,1,2
1495,9700,1454b,1236a,0,2,1,1,3,2,2,1,0,2,3,0,1,3,2,2,0,3,2
1496,210822,1373a,1343c,0,3,4,1,3,2,2,2,1,2,0,0,1,1,2,1,0,1,1
1497,26180,1512b,0335a,0,2,0,1,0,2,2,0,0,2,1,1,1,2,2,2,1,0,2
1498,158506,0492a,0594a,0,3,4,1,1,2,2,0,4,2,3,2,1,0,2,2,1,4,2
1499,111675,1411a,1465b,0,2,0,1,1,2,2,1,1,2,0,1,1,1,2,1,1,2,2
1500,224623,1208a,0330a,0,0,4,1,0,0,2,0,2,2,1,0,1,1,2,2,2,1,1
1501,147901,1552a,1504a,0,3,0,1,1,2,2,1,1,2,1,0,1,1,2,1,3,0,2
1502,105730,0411b,0474b,0,1,2,1,1,2,2,0,1,2,2,1,1,3,2,3,3,3,2
1503,246727,0337c,0563c,0,3,4,1,1,2,1,1,3,2,1,4,1,1,0,3,0,2,2
1504,225442,1497c,0938b,0,2,0,1,3,2,2,3,4,2,2,1,0,2,2,1,1,2,2
1505,99974,0557c,0537c,0,1,1,1,0,2,1,0,2,1,2,2,1,3,2,2,2,0,1
1506,201751,0897c,1209c,0,2,4,1,3,2,3,1,3,2,2,1,1,3,2,3,3,4,2
1507,253531,1447c,0386a,0,1,1,0,1,2,2,2,2,2,1,2,1,0,0,2,3,0,2
1508,168122,1365a,1477c,0,3,4,1,3,2,1,0,3,2,3,1,1,2,2,2,1,0,1
1509,275372,1504a,1532a,0,1,0,1,1,2,1,3,0,2,0,2,1,0,2,1,1,1,1
1510,14704,1543a,1131a,0,3,1,1,0,2,2,0,4,2,1,1,1,1,2,1,0,0,2
1511,50598,1458a,0575c,0,0,1,1,3,2,2,1,1,2,2,1,1,1,2,3,0,0,2
1512,289351,0873a,0376c,0,2,2,0,2,2,2,3,0,2,2,1,0,0,3,2,2,3,2
1513,72782,1413a,0396b,0,2,1,1,1,2,3,0,1,2,2,1,0,1,2,2,1,3,2
1514,263151,0488c,1271a,0,1,4,0,1,2,2,0,4,2,1,1,1,2,0,1,1,4,1
1515,251113,0516a,0585c,0,2,0,1,0,0,3,0,3,2,0,1,0,2,2,1,1,0,2
1516,56407,0381a,1373a,0,1,0,1,3,2,2,0,3,2,3,4,1,3,2,2,2,1,2
1517,267801,1394b,0350a,0,3,1,0,1,2,1,1,3,2,3,2,1,0,1,2,1,3,2
1518,232260,0435b,1114a,0,2,1,0,2,2,2,1,0,2,2,1,1,3,0,2,2,0,1
1519,164518,0373b,0363b,0,2,1,1,1,2,1,0,0,1,1,1,1,1,2,1,0,1,1
1520,286887,0585b,1140b,0,3,1,2,3,2,3,1,4,2,0,0,1,3,0,1,1,2,1
1521,165618,1520c,1178b,0,2,1,1,3,1,2,0,1,2,3,0,1,3,2,2,3,1,2
1522,36990,1491c,1499c,0,1,1,1,1,2,2,1,0,2,2,0,1,3,0,2,1,3,2
1523,44752,1468a,1267b,0,1,1,1,2,2,2,0,0,2,2,2,1,2,2,2,0,1,2
1524,45262,1483a,1517c,0,2,1,1,3,2,3,0,3,2,3,0,1,0,2,2,1,4,2
1525,157783,1204a,0521b,0,0,0,1,0,2,2,1,0,2,1,1,1,0,1,1,0,0,2
1526,11317,1534b,1336b,0,1,1,1,3,2,2,1,1,2,3,1,1,3,2,3,0,4,2
1527,29493,1227a,1319a,0,1,1,1,3,2,1,0,1,2,2,0,1,0,2,2,3,4,2
1528,192629,0456a,1319b,0,2,1,0,2,2,2,0,3,2,2,4,2,3,2,2,2,1,2
1529,278316,0473b,0455c,0,1,4,1,1,0,3,0,3,2,3,1,1,3,3,1,3,1,2
1530,239302,1423a,0327b,0,3,1,1,1,2,2,2,1,1,0,1,1,1,1,2,0,3,2
1531,191493,1421a,0336c,0,1,0,1,0,2,2,3,3,2,3,2,1,2,2,2,0,1,1
1532,194760,0587a,1303a,0,1,1,1,2,2,2,2,0,2,3,4,1,0,0,2,0,4,2
1533,163271,1091b,0950a,0,1,1,1,0,2,2,2,1,1,2,1,1,3,0,2,2,2,1
1534,97172,1227b,0594a,0,3,1,1,3,2,1,0,4,2,3,2,1,0,2,2,1,4,2
1535,273979,0386a,0556b,0,1,2,1,0,0,2,3,0,2,0,2,0,1,0,2,1,1,1
1536,73786,0363c,0567b,0,1,1,1,0,2,2,3,0,2,1,2,1,0,2,2,1,2,1
1537,162239,1562b,0546c,0,1,2,1,0,0,2,0,2,2,2,0,1,3,2,1,3,1,2
1538,232097,1508c,0317a,0,1,4,1,1,0,2,0,0,2,1,1,0,2,0,1,1,2,1
1539,154063,1201a,1425c,0,0,1,1,0,2,2,2,3,2,1,4,1,1,2,1,0,1,2
1540,226939,0969a,1155b,0,2,2,1,1,2,2,1,2,1,1,1,1,3,0,1,1,2,1
1541,167746,0431c,1538c,0,2,0,1,0,2,2,2,3,2,0,2,1,0,2,1,1,0,2
1542,45372,1483a,1495a,0,2,1,1,3,2,3,0,3,2,2,1,0,3,2,1,0,3,2
1543,239954,0547a,0535c,0,2,2,0,1,2,2,0,1,2,1,2,1,3,2,1,3,3,2
1544,55264,1375b,1551b,0,1,4,1,3,2,2,0,3,2,1,1,1,0,2,1,1,1,1
1545,47829,1129c,0538a,0,1,2,1,3,2,2,0,2,2,2,1,0,3,2,2,1,4,2
1546,198152,1405b,0517b,0,1,1,1,0,0,2,1,1,1,3,0,1,3,0,1,0,3,2
1547,106529,0570c,1296c,0,3,4,1,1,2,2,0,1,2,1,1,1,3,0,2,1,0,2
1548,5012,1517a,1446a,0,2,1,1,1,2,2,0,2,2,1,1,1,3,2,2,1,2,2
1549,215211,1477a,0585c,0,3,0,1,3,2,1,1,0,2,0,1,0,2,2,1,1,0,2
1550,242409,0564a,0544c,0,2,1,1,0,2,3,3,2,1,1,4,1,3,2,2,2,0,1
1551,95705,0593a,0553b,0,3,1,1,0,2,2,3,0,2,2,1,1,0,0,2,1,1,1
1552,200314,0413a,0507b,0,1,1,1,1,2,3,0,1,1,0,1,1,3,2,1,1,4,2
1553,275997,0489b,1500a,0,1,0,1,0,2,3,3,4,2,3,4,1,4,2,3,1,3,2
1554,173557,1167a,1391a,0,0,2,1,0,2,2,0,4,2,3,4,1,3,2,3,0,3,2
1555,146904,0354b,0312b,0,3,1,1,0,2,3,1,4,2,1,1,0,1,2,2,2,4,2
1556,38859,0496f,0538c,0,2,4,1,0,2,2,1,2,2,2,2,1,0,2,2,2,1,2
1557,138395,0389c,0535b,0,2,0,1,0,2,2,3,2,2,0,0,1,2,2,2,1,4,2
1558,146170,0337a,0475a,0,2,1,1,3,2,2,3,2,1,0,1,1,2,2,2,1,4,2
1559,76393,1149a,1486b,0,1,1,1,0,2,3,1,1,2,2,0,1,0,2,3,1,4,2
1560,70864,0374c,1426a,0,2,1,1,3,2,2,3,0,2,2,0,1,1,2,2,1,2,1
1561,138092,0389c,0553b,0,2,0,1,0,2,2,3,2,2,2,1,1,0,0,2,1,1,1
1562,286596,0357c,0941c,0,0,2,1,1,0,2,0,1,1,1,0,0,4,2,3,1,3,2
1563,215653,0355a,0580b,0,3,2,1,3,2,3,0,3,2,1,1,0,2,2,2,3,3,2
1564,181205,1465a,0457c,0,3,4,1,0,2,2,3,2,2,0,2,1,0,0,2,0,3,2
1565,7202,0458a,1413a,0,2,1,1,0,2,2,1,0,2,2,1,1,1,2,3,0,1,2
1566,81529,1433a,1236c,0,2,2,1,0,2,2,1,0,2,1,1,1,1,2,3,0,1,2
1567,154246,1201a,1430c,0,0,1,1,0,2,2,2,3,2,0,0,1,3,2,3,0,3,2
1568,88388,0349a,1273a,0,3,1,1,1,2,1,0,1,2,1,2,1,0,0,2,1,0,2
1569,276510,1219c,0434c,0,2,4,0,1,2,3,0,1,2,0,1,0,2,2,3,0,3,2
1570,284523,1039a,0549c,0,3,1,0,0,0,3,1,0,2,3,1,1,3,3,3,3,4,2
1571,158787,0492a,0336c,0,3,4,1,1,2,2,0,4,2,3,2,1,2,2,2,0,1,1
1572,151694,1374b,1567c,0,1,1,1,0,2,2,2,2,1,2,4,1,4,2,2,0,2,2
1573,234516,1549c,1099c,0,0,2,1,3,2,2,1,4,2,2,4,0,2,2,2,0,3,2
1574,77679,1134a,1547c,0,2,0,1,3,2,2,1,0,2,2,0,1,3,2,3,0,0,2
1575,220296,1513c,1501a,0,1,1,1,0,1,2,1,1,2,1,3,1,0,2,3,1,3,2
1576,157092,1146a,0440c,0,0,4,1,0,2,2,1,0,2,3,4,1,0,2,1,0,4,2
1577,140243,0562c,1194a,0,3,0,1,3,2,1,0,2,2,3,1,1,1,2,1,1,2,1
1578,58582,0351c,0314b,0,1,0,1,0,2,2,1,2,2,0,0,1,0,2,2,0,2,2
1579,259991,1253b,1099c,0,0,1,1,1,2,1,1,1,1,2,4,0,2,2,2,0,3,2
1580,258335,1487c,0873a,0,3,1,1,3,0,1,0,0,1,2,2,0,2,2,2,3,0,2
1581,266494,1220b,0431b,0,0,1,1,1,2,3,1,2,1,3,0,2,1,2,3,0,2,2
